/*
 Navicat Premium Data Transfer

 Source Server         : 本地数据库
 Source Server Type    : MySQL
 Source Server Version : 50540
 Source Host           : localhost:3306
 Source Schema         : guli

 Target Server Type    : MySQL
 Target Server Version : 50540
 File Encoding         : 65001

 Date: 18/07/2021 20:56:20
*/

SET NAMES utf8mb4;
SET FOREIGN_KEY_CHECKS = 0;

-- ----------------------------
-- Table structure for crm_banner
-- ----------------------------
DROP TABLE IF EXISTS `crm_banner`;
CREATE TABLE `crm_banner`  (
  `id` char(19) CHARACTER SET utf8mb4 COLLATE utf8mb4_general_ci NOT NULL DEFAULT '' COMMENT 'ID',
  `title` varchar(20) CHARACTER SET utf8mb4 COLLATE utf8mb4_general_ci NULL DEFAULT '' COMMENT '标题',
  `image_url` varchar(500) CHARACTER SET utf8mb4 COLLATE utf8mb4_general_ci NOT NULL DEFAULT '' COMMENT '图片地址',
  `link_url` varchar(500) CHARACTER SET utf8mb4 COLLATE utf8mb4_general_ci NULL DEFAULT '' COMMENT '链接地址',
  `sort` int(10) UNSIGNED NOT NULL DEFAULT 0 COMMENT '排序',
  `is_deleted` tinyint(1) UNSIGNED NOT NULL DEFAULT 0 COMMENT '逻辑删除 1（true）已删除， 0（false）未删除',
  `gmt_create` datetime NOT NULL COMMENT '创建时间',
  `gmt_modified` datetime NOT NULL COMMENT '更新时间',
  PRIMARY KEY (`id`) USING BTREE,
  UNIQUE INDEX `uk_name`(`title`) USING BTREE
) ENGINE = InnoDB CHARACTER SET = utf8mb4 COLLATE = utf8mb4_general_ci COMMENT = '首页banner表' ROW_FORMAT = Compact;

-- ----------------------------
-- Records of crm_banner
-- ----------------------------
INSERT INTO `crm_banner` VALUES ('1194556896025845762', 'test1', 'http://hakaimg.com/i/2021/06/19/u94o3w.png', '/course', 1, 0, '2019-11-13 18:05:32', '2019-11-18 10:28:22');
INSERT INTO `crm_banner` VALUES ('1194607458461216769', 'test2', 'http://hakaimg.com/i/2021/06/21/ziah9s.jpg', '/teacher', 2, 0, '2019-11-13 21:26:27', '2019-11-14 09:12:15');

-- ----------------------------
-- Table structure for edu_chapter
-- ----------------------------
DROP TABLE IF EXISTS `edu_chapter`;
CREATE TABLE `edu_chapter`  (
  `id` char(19) CHARACTER SET utf8mb4 COLLATE utf8mb4_general_ci NOT NULL COMMENT '章节ID',
  `course_id` char(19) CHARACTER SET utf8mb4 COLLATE utf8mb4_general_ci NOT NULL COMMENT '课程ID',
  `title` varchar(50) CHARACTER SET utf8mb4 COLLATE utf8mb4_general_ci NOT NULL COMMENT '章节名称',
  `sort` int(10) UNSIGNED NOT NULL DEFAULT 0 COMMENT '显示排序',
  `gmt_create` datetime NOT NULL COMMENT '创建时间',
  `gmt_modified` datetime NOT NULL COMMENT '更新时间',
  PRIMARY KEY (`id`) USING BTREE,
  INDEX `idx_course_id`(`course_id`) USING BTREE
) ENGINE = InnoDB CHARACTER SET = utf8mb4 COLLATE = utf8mb4_general_ci COMMENT = '课程' ROW_FORMAT = Compact;

-- ----------------------------
-- Records of edu_chapter
-- ----------------------------
INSERT INTO `edu_chapter` VALUES ('1', '14', '第一章：HTML', 0, '2019-01-01 12:27:40', '2019-01-01 12:55:30');
INSERT INTO `edu_chapter` VALUES ('1181729226915577857', '18', '第七章：I/O流', 70, '2019-10-09 08:32:58', '2019-10-09 08:33:20');
INSERT INTO `edu_chapter` VALUES ('1192252428399751169', '1192252213659774977', '第一章节', 0, '2019-11-07 09:28:25', '2019-11-07 09:28:25');
INSERT INTO `edu_chapter` VALUES ('1403015774305525761', '1403015280006799361', '第一章', 0, '2021-06-10 23:46:42', '2021-06-11 00:09:31');
INSERT INTO `edu_chapter` VALUES ('1403021464264777730', '1403015280006799361', '第二章', 0, '2021-06-11 00:09:18', '2021-06-11 00:09:18');
INSERT INTO `edu_chapter` VALUES ('15', '18', '第一章：Java入门', 0, '2019-01-01 12:27:40', '2019-10-09 09:13:19');
INSERT INTO `edu_chapter` VALUES ('3', '14', '第二章：CSS', 0, '2019-01-01 12:55:35', '2019-01-01 12:27:40');
INSERT INTO `edu_chapter` VALUES ('32', '18', '第二章：控制台输入和输出', 0, '2019-01-01 12:27:40', '2019-01-01 12:27:40');
INSERT INTO `edu_chapter` VALUES ('44', '18', '第三章：控制流', 0, '2019-01-01 12:27:40', '2019-01-01 12:27:40');
INSERT INTO `edu_chapter` VALUES ('48', '18', '第四章：类的定义', 0, '2019-01-01 12:27:40', '2019-01-01 12:27:40');
INSERT INTO `edu_chapter` VALUES ('63', '18', '第五章：数组', 0, '2019-01-01 12:27:40', '2019-01-01 12:27:40');
INSERT INTO `edu_chapter` VALUES ('64', '18', '第六章：继承', 61, '2019-01-01 12:27:40', '2019-10-09 08:32:47');

-- ----------------------------
-- Table structure for edu_comment
-- ----------------------------
DROP TABLE IF EXISTS `edu_comment`;
CREATE TABLE `edu_comment`  (
  `id` char(19) CHARACTER SET utf8mb4 COLLATE utf8mb4_general_ci NOT NULL COMMENT '讲师ID',
  `course_id` varchar(19) CHARACTER SET utf8mb4 COLLATE utf8mb4_general_ci NOT NULL DEFAULT '' COMMENT '课程id',
  `teacher_id` char(19) CHARACTER SET utf8mb4 COLLATE utf8mb4_general_ci NOT NULL DEFAULT '' COMMENT '讲师id',
  `member_id` varchar(19) CHARACTER SET utf8mb4 COLLATE utf8mb4_general_ci NOT NULL DEFAULT '' COMMENT '会员id',
  `nickname` varchar(50) CHARACTER SET utf8mb4 COLLATE utf8mb4_general_ci NULL DEFAULT NULL COMMENT '会员昵称',
  `avatar` varchar(255) CHARACTER SET utf8mb4 COLLATE utf8mb4_general_ci NULL DEFAULT NULL COMMENT '会员头像',
  `content` varchar(500) CHARACTER SET utf8mb4 COLLATE utf8mb4_general_ci NULL DEFAULT NULL COMMENT '评论内容',
  `is_deleted` tinyint(1) UNSIGNED NOT NULL DEFAULT 0 COMMENT '逻辑删除 1（true）已删除， 0（false）未删除',
  `gmt_create` datetime NOT NULL COMMENT '创建时间',
  `gmt_modified` datetime NOT NULL COMMENT '更新时间',
  PRIMARY KEY (`id`) USING BTREE,
  INDEX `idx_course_id`(`course_id`) USING BTREE,
  INDEX `idx_teacher_id`(`teacher_id`) USING BTREE,
  INDEX `idx_member_id`(`member_id`) USING BTREE
) ENGINE = InnoDB CHARACTER SET = utf8mb4 COLLATE = utf8mb4_general_ci COMMENT = '评论' ROW_FORMAT = Compact;

-- ----------------------------
-- Records of edu_comment
-- ----------------------------
INSERT INTO `edu_comment` VALUES ('1194499162790211585', '1192252213659774977', '1189389726308478977', '1', '小三123', 'http://thirdwx.qlogo.cn/mmopen/vi_32/DYAIOgq83eoj0hHXhgJNOTSOFsS4uZs8x1ConecaVOB8eIl115xmJZcT4oCicvia7wMEufibKtTLqiaJeanU2Lpg3w/132', '课程很好', 0, '2019-11-13 14:16:08', '2019-11-13 14:16:08');
INSERT INTO `edu_comment` VALUES ('1194898406466420738', '1192252213659774977', '1189389726308478977', '1', '小三123', 'http://thirdwx.qlogo.cn/mmopen/vi_32/DYAIOgq83eoj0hHXhgJNOTSOFsS4uZs8x1ConecaVOB8eIl115xmJZcT4oCicvia7wMEufibKtTLqiaJeanU2Lpg3w/132', '11', 0, '2019-11-14 16:42:35', '2019-11-14 16:42:35');
INSERT INTO `edu_comment` VALUES ('1194898484388200450', '1192252213659774977', '1189389726308478977', '1', '小三123', 'http://thirdwx.qlogo.cn/mmopen/vi_32/DYAIOgq83eoj0hHXhgJNOTSOFsS4uZs8x1ConecaVOB8eIl115xmJZcT4oCicvia7wMEufibKtTLqiaJeanU2Lpg3w/132', '111', 0, '2019-11-14 16:42:53', '2019-11-14 16:42:53');
INSERT INTO `edu_comment` VALUES ('1195251020861317122', '1192252213659774977', '1189389726308478977', '1', NULL, NULL, '2233', 0, '2019-11-15 16:03:45', '2019-11-15 16:03:45');
INSERT INTO `edu_comment` VALUES ('1195251382720700418', '1192252213659774977', '1189389726308478977', '1', NULL, NULL, '4455', 0, '2019-11-15 16:05:11', '2019-11-15 16:05:11');
INSERT INTO `edu_comment` VALUES ('1195252819177570306', '1192252213659774977', '1189389726308478977', '1', '小三1231', 'http://thirdwx.qlogo.cn/mmopen/vi_32/DYAIOgq83eoj0hHXhgJNOTSOFsS4uZs8x1ConecaVOB8eIl115xmJZcT4oCicvia7wMEufibKtTLqiaJeanU2Lpg3w/132', '55', 0, '2019-11-15 16:10:53', '2019-11-15 16:10:53');
INSERT INTO `edu_comment` VALUES ('1195252899448160258', '1192252213659774977', '1189389726308478977', '1', '小三1231', 'http://thirdwx.qlogo.cn/mmopen/vi_32/DYAIOgq83eoj0hHXhgJNOTSOFsS4uZs8x1ConecaVOB8eIl115xmJZcT4oCicvia7wMEufibKtTLqiaJeanU2Lpg3w/132', '55', 0, '2019-11-15 16:11:13', '2019-11-15 16:11:13');
INSERT INTO `edu_comment` VALUES ('1195252920587452417', '1192252213659774977', '1189389726308478977', '1', '小三1231', 'http://thirdwx.qlogo.cn/mmopen/vi_32/DYAIOgq83eoj0hHXhgJNOTSOFsS4uZs8x1ConecaVOB8eIl115xmJZcT4oCicvia7wMEufibKtTLqiaJeanU2Lpg3w/132', '223344', 0, '2019-11-15 16:11:18', '2019-11-15 16:11:18');
INSERT INTO `edu_comment` VALUES ('1195262128095559681', '14', '1189389726308478977', '1', '小三1231', 'http://thirdwx.qlogo.cn/mmopen/vi_32/DYAIOgq83eoj0hHXhgJNOTSOFsS4uZs8x1ConecaVOB8eIl115xmJZcT4oCicvia7wMEufibKtTLqiaJeanU2Lpg3w/132', '11', 0, '2019-11-15 16:47:53', '2019-11-15 16:47:53');
INSERT INTO `edu_comment` VALUES ('1196264505170767874', '1192252213659774977', '1189389726308478977', '1', '小三1231', 'http://thirdwx.qlogo.cn/mmopen/vi_32/DYAIOgq83eoj0hHXhgJNOTSOFsS4uZs8x1ConecaVOB8eIl115xmJZcT4oCicvia7wMEufibKtTLqiaJeanU2Lpg3w/132', '666666', 0, '2019-11-18 11:10:58', '2019-11-18 11:10:58');

-- ----------------------------
-- Table structure for edu_course
-- ----------------------------
DROP TABLE IF EXISTS `edu_course`;
CREATE TABLE `edu_course`  (
  `id` char(19) CHARACTER SET utf8mb4 COLLATE utf8mb4_general_ci NOT NULL COMMENT '课程ID',
  `teacher_id` char(19) CHARACTER SET utf8mb4 COLLATE utf8mb4_general_ci NOT NULL COMMENT '课程讲师ID',
  `subject_id` char(19) CHARACTER SET utf8mb4 COLLATE utf8mb4_general_ci NOT NULL COMMENT '课程专业ID',
  `subject_parent_id` char(19) CHARACTER SET utf8mb4 COLLATE utf8mb4_general_ci NULL DEFAULT NULL COMMENT '课程专业父级ID',
  `title` varchar(50) CHARACTER SET utf8mb4 COLLATE utf8mb4_general_ci NOT NULL COMMENT '课程标题',
  `price` decimal(10, 2) UNSIGNED NOT NULL DEFAULT 0.00 COMMENT '课程销售价格，设置为0则可免费观看',
  `lesson_num` int(10) UNSIGNED NOT NULL DEFAULT 0 COMMENT '总课时',
  `cover` varchar(255) CHARACTER SET utf8 COLLATE utf8_general_ci NOT NULL COMMENT '课程封面图片路径',
  `buy_count` bigint(10) UNSIGNED NOT NULL DEFAULT 0 COMMENT '销售数量',
  `view_count` bigint(10) UNSIGNED NOT NULL DEFAULT 0 COMMENT '浏览数量',
  `version` bigint(20) UNSIGNED NOT NULL DEFAULT 1 COMMENT '乐观锁',
  `status` varchar(10) CHARACTER SET utf8mb4 COLLATE utf8mb4_general_ci NOT NULL DEFAULT 'Draft' COMMENT '课程状态 Draft未发布  Normal已发布',
  `is_deleted` tinyint(3) NULL DEFAULT 0 COMMENT '逻辑删除 1（true）已删除， 0（false）未删除',
  `gmt_create` datetime NOT NULL COMMENT '创建时间',
  `gmt_modified` datetime NOT NULL COMMENT '更新时间',
  PRIMARY KEY (`id`) USING BTREE,
  INDEX `idx_title`(`title`) USING BTREE,
  INDEX `idx_subject_id`(`subject_id`) USING BTREE,
  INDEX `idx_teacher_id`(`teacher_id`) USING BTREE
) ENGINE = InnoDB CHARACTER SET = utf8mb4 COLLATE = utf8mb4_general_ci COMMENT = '课程' ROW_FORMAT = Compact;

-- ----------------------------
-- Records of edu_course
-- ----------------------------
INSERT INTO `edu_course` VALUES ('1192252213659774977', '1189389726308478977', '1178214681139539969', '1178214681118568449', 'java基础课程：test', 0.01, 2, 'https://tse3-mm.cn.bing.net/th/id/OIP.d0NHhTUihbNfZ8bz6YXQTgHaEJ?pid=ImgDet&rs=1', 4, 387, 1, 'Normal', 0, '2019-11-07 09:27:33', '2019-11-18 13:35:03');
INSERT INTO `edu_course` VALUES ('14', '1189389726308478977', '1101348944971091969', '1101348944920760321', 'XHTML CSS2 JS整站制作教程课程学习', 0.00, 3, 'https://tse3-mm.cn.bing.net/th/id/OIP.d0NHhTUihbNfZ8bz6YXQTgHaEJ?pid=ImgDet&rs=1', 3, 44, 15, 'Normal', 0, '2018-04-02 18:33:34', '2019-11-16 21:21:45');
INSERT INTO `edu_course` VALUES ('1401709425286184961', '1396158288114077697', '1397482262253137921', '1397482262186029058', 'testTwoSubject', 0.00, 1, 'https://tse3-mm.cn.bing.net/th/id/OIP.d0NHhTUihbNfZ8bz6YXQTgHaEJ?pid=ImgDet&rs=1', 0, 0, 1, 'Draft', 0, '2021-06-07 09:15:44', '2021-06-10 23:41:55');
INSERT INTO `edu_course` VALUES ('1402303001066000386', '1192249914833055746', '1397482262253137921', '1397482262186029058', 'testChapter', 0.00, 0, 'https://tse3-mm.cn.bing.net/th/id/OIP.d0NHhTUihbNfZ8bz6YXQTgHaEJ?pid=ImgDet&rs=1', 0, 0, 1, 'Draft', 0, '2021-06-09 00:34:23', '2021-06-09 00:34:23');
INSERT INTO `edu_course` VALUES ('1402515937332064258', '1192249914833055746', '1397482262056005634', '1397482261804347393', '数据回显测试', 0.00, 0, 'https://tse3-mm.cn.bing.net/th/id/OIP.d0NHhTUihbNfZ8bz6YXQTgHaEJ?pid=ImgDet&rs=1', 0, 0, 1, 'Draft', 1, '2021-06-09 14:40:31', '2021-06-09 14:40:31');
INSERT INTO `edu_course` VALUES ('1403015280006799361', '1396158288114077697', '1397482262118920195', '1397482262118920194', '编辑小节课程', 0.00, 0, 'https://tse3-mm.cn.bing.net/th/id/OIP.d0NHhTUihbNfZ8bz6YXQTgHaEJ?pid=ImgDet&rs=1', 0, 0, 1, 'Draft', 0, '2021-06-10 23:44:44', '2021-06-10 23:44:44');
INSERT INTO `edu_course` VALUES ('1405870244936876033', '1396158349787123714', '1397482262056005634', '1397482261804347393', 'cqupt测试课程', 3.00, 4, 'https://tse3-mm.cn.bing.net/th/id/OIP.d0NHhTUihbNfZ8bz6YXQTgHaEJ?pid=ImgDet&rs=1', 0, 0, 1, 'Normal', 1, '2021-06-18 20:49:20', '2021-07-11 13:57:55');
INSERT INTO `edu_course` VALUES ('1408229301211385857', '1189389726308478977', '1397482262186029057', '1397482262118920194', 'test', 0.00, 0, '/static/cartoon.jpg', 0, 0, 1, 'Normal', 1, '2021-06-25 09:03:23', '2021-06-25 09:04:08');
INSERT INTO `edu_course` VALUES ('15', '1189389726308478977', '1101348944971091969', '1101348944920760321', 'HTML5入门课程学习', 0.00, 23, 'https://tse3-mm.cn.bing.net/th/id/OIP.d0NHhTUihbNfZ8bz6YXQTgHaEJ?pid=ImgDet&rs=1', 0, 51, 17, 'Normal', 0, '2018-04-02 18:34:32', '2019-11-12 10:19:20');
INSERT INTO `edu_course` VALUES ('18', '1189389726308478977', '1397482262056005634', '1397482261804347393', 'Java精品课程', 0.01, 20, 'https://tse3-mm.cn.bing.net/th/id/OIP.d0NHhTUihbNfZ8bz6YXQTgHaEJ?pid=ImgDet&rs=1', 151, 737, 6, 'Normal', 0, '2018-04-02 21:28:46', '2021-06-14 17:57:43');

-- ----------------------------
-- Table structure for edu_course_description
-- ----------------------------
DROP TABLE IF EXISTS `edu_course_description`;
CREATE TABLE `edu_course_description`  (
  `id` char(19) CHARACTER SET utf8mb4 COLLATE utf8mb4_general_ci NOT NULL COMMENT '课程ID',
  `description` text CHARACTER SET utf8mb4 COLLATE utf8mb4_general_ci NULL COMMENT '课程简介',
  `gmt_create` datetime NOT NULL COMMENT '创建时间',
  `gmt_modified` datetime NOT NULL COMMENT '更新时间',
  PRIMARY KEY (`id`) USING BTREE
) ENGINE = InnoDB CHARACTER SET = utf8mb4 COLLATE = utf8mb4_general_ci COMMENT = '课程简介' ROW_FORMAT = Compact;

-- ----------------------------
-- Records of edu_course_description
-- ----------------------------
INSERT INTO `edu_course_description` VALUES ('1104870479077879809', '<p>11</p>', '2019-03-11 06:23:44', '2019-03-11 06:23:44');
INSERT INTO `edu_course_description` VALUES ('1192252213659774977', '<p>测试</p>', '2019-11-07 09:27:33', '2019-11-13 16:21:28');
INSERT INTO `edu_course_description` VALUES ('1399377318207561730', 'test', '2021-05-31 22:48:46', '2021-05-31 22:48:46');
INSERT INTO `edu_course_description` VALUES ('1399772964773228545', '', '2021-06-02 01:00:56', '2021-06-02 01:00:56');
INSERT INTO `edu_course_description` VALUES ('1399773421641986050', '', '2021-06-02 01:02:44', '2021-06-02 01:02:44');
INSERT INTO `edu_course_description` VALUES ('1399977204116410369', '', '2021-06-02 14:32:30', '2021-06-02 14:32:30');
INSERT INTO `edu_course_description` VALUES ('1399977403857555457', '', '2021-06-02 14:33:18', '2021-06-02 14:33:18');
INSERT INTO `edu_course_description` VALUES ('1399977737342472193', '', '2021-06-02 14:34:37', '2021-06-02 14:34:37');
INSERT INTO `edu_course_description` VALUES ('1399978332019302402', '', '2021-06-02 14:36:59', '2021-06-02 14:36:59');
INSERT INTO `edu_course_description` VALUES ('1399978371697418242', '', '2021-06-02 14:37:08', '2021-06-02 14:37:08');
INSERT INTO `edu_course_description` VALUES ('1399978692800749570', '', '2021-06-02 14:38:25', '2021-06-02 14:38:25');
INSERT INTO `edu_course_description` VALUES ('1399979426871058433', '', '2021-06-02 14:41:20', '2021-06-02 14:41:20');
INSERT INTO `edu_course_description` VALUES ('1399979625127419905', '', '2021-06-02 14:42:07', '2021-06-02 14:42:07');
INSERT INTO `edu_course_description` VALUES ('1399979710716387329', '', '2021-06-02 14:42:28', '2021-06-02 14:42:28');
INSERT INTO `edu_course_description` VALUES ('1399979721504137217', '', '2021-06-02 14:42:30', '2021-06-02 14:42:30');
INSERT INTO `edu_course_description` VALUES ('1399979734753943553', '', '2021-06-02 14:42:33', '2021-06-02 14:42:33');
INSERT INTO `edu_course_description` VALUES ('1399994550621118465', '', '2021-06-02 15:41:26', '2021-06-02 15:41:26');
INSERT INTO `edu_course_description` VALUES ('14', '', '2019-03-13 06:04:43', '2019-03-13 06:05:33');
INSERT INTO `edu_course_description` VALUES ('1400128886020317186', '', '2021-06-03 00:35:14', '2021-06-03 00:35:14');
INSERT INTO `edu_course_description` VALUES ('1400144568883683329', '', '2021-06-03 01:37:33', '2021-06-03 01:37:33');
INSERT INTO `edu_course_description` VALUES ('1400144787515973634', '', '2021-06-03 01:38:25', '2021-06-03 01:38:25');
INSERT INTO `edu_course_description` VALUES ('1400145439449227266', '', '2021-06-03 01:41:00', '2021-06-03 01:41:00');
INSERT INTO `edu_course_description` VALUES ('1401563072706945025', '', '2021-06-06 23:34:11', '2021-06-06 23:34:11');
INSERT INTO `edu_course_description` VALUES ('1401563566225530882', '', '2021-06-06 23:36:08', '2021-06-06 23:36:08');
INSERT INTO `edu_course_description` VALUES ('1401706817544855553', '<p><strong>tinymceTest</strong></p>', '2021-06-07 09:05:22', '2021-06-07 09:05:22');
INSERT INTO `edu_course_description` VALUES ('1401707693466525697', '<p><img class=\"wscnph\" src=\"data:image/jpeg;base64,/9j/4AAQSkZJRgABAQAAAQABAAD/2wBDAAMCAgICAgMCAgIDAwMDBAYEBAQEBAgGBgUGCQgKCgkICQkKDA8MCgsOCwkJDRENDg8QEBEQCgwSExIQEw8QEBD/2wBDAQMDAwQDBAgEBAgQCwkLEBAQEBAQEBAQEBAQEBAQEBAQEBAQEBAQEBAQEBAQEBAQEBAQEBAQEBAQEBAQEBAQEBD/wAARCADFAMgDASIAAhEBAxEB/8QAHQAAAQQDAQEAAAAAAAAAAAAABwAFBggCBAkBA//EAE4QAAIBAwIEAwQGBwQFCQkAAAECAwQFEQAGBxIhMQgTQSJRYXEUIzKBkaEVQlJigrHRCXKiwRYkM7ThFyUnQ1NzkrLCNERWY5Oks+Lw/8QAGgEAAgMBAQAAAAAAAAAAAAAABAUBAgMGAP/EACgRAAICAQQBBAIDAQEAAAAAAAECAAMRBBIhMUETIjJRBXEjM2Gxgf/aAAwDAQACEQMRAD8Atf4at77ZGz4rP+loVq/MLNGzYIydHaGQMvMjAg9iDnOuW9Dca62zLUUVTJDIpyCjEaL2yPE7vfa3lwVk5rqdRgrIcnH36Hesk5EOKZ6l8kOTrMk9idV62x4u9nXBEW90s1HJj22X2gNETb3FnbnEWuXbuyLjLLWzKXlmSMf6rAMB5SSCObqAoII5mXIIzqm05xKGpl9xkmr0S/3qm2zEySQQlay6DowESnMULDOQZHGeoIKRSA/aGpe3foNaENPb9t2mX6LTiKnpo3mcDqzEAszMx6sx6ksSSSSSdfKqu0tnsVJV3dEa4TiGAQxdBLVPgci98Dmyc9cKCT0B0Sq7RiDs24xzPTS16QQBzYz641gT6amUmWdeh2HbvrFdD7jVxv2nwQ2ybxfGFXcaoMtutkcgWWqkA9Tg8kYyOZ8HAPQEkAyoJOBJAzwJI9+cRNocMNvTbp3reYbfQxnkTnOZJ5SCViiQdXcgHCj0BPQAkUE44+MPiFxMqKizbWnqNsbbb2VhppCtXUp0OZpVOQDg+whAwxDF++hrxN4r7v4y7pO4t5V7yKhZaemjytPRw9ykS5OOgGSfaYgZJ6agxq3rqqocjCqwX78AkD4AED8dF10gct3Cq6cDJiaSOJF58e0cDr1J1GrrOW3dao17LFIwHzDf00/zor1FMnokhbH8Df10xV0fPv2jwB9VScx/B/663NfOJqWxJKpyoJHXWx9GFRTKSRzKr+yeuQMH/wBTfhr4DGvvSkfSI1ZsKx5Sc+h6H8tbLUBLCNdNPHDRBSpXyGMR7nlA+yT/AA41upyYDJg5HfOorfdwzWG8mmNOk0FRGsrqeh5uqnB+Sjprdtd9oyyCOdTRzsFjJ6NFJ/2bfA9wfmPdqrBc4kA/ctj4ffGHubh/U0+1+I1ZU3zbLYjWeQmSroBnurHrLGM9UbJAA5T05WuVdY7ZU7Zpr5tmspqiw1Ea19FPES0VI5HNHOjL1EByRIo6BHbsvNrlCQW+7VnPCh4hJuFl8p+H+9a8PtC9OGpKqRiUt87no37sTNkOOyt7XQcxI+oowMiYshB3CH/jLumjpeHUNcWZY7jLC/Kq8zhEPmsOUdzlAuPecaEFwphcbfLHBIAZU5oZB2V+6N9xAP3aMHGzhzPbKjb1RZI4l25HXzTSRDA+izSEShV98byIcD9UsQOhUKKUpRa6qeylSqUxDU5PrA2eUfw4K/wg+ukt+nZE9YeDH347WpY3onsxq2zNNVWdKqpgaGWWaod427qxlfI/HW5XDmoalSQAYn6+7odfegeWppjLNEULSSBQenshiFJ+YAP36kGytqvu3cCW90JoaXlnrm9OTPsxfNyCP7oY+7QIcu2Y3sYVoWPUP46DGlr3H36WigZzq4ac3xSU1YskksE1PyerLygfjrBtvVbIJaSWKoVuvst11fe8cONn7ht8lsr7LT+XKOUmNArD5HGoRcfCrs6opDDZ62soGbrzc3PjRS3qe4v3CUzkt1dD1aB1x36avh4O+Ga7P4dDd90iK3PdISpw6kNFSLnyV6n9YEyZGMh1B+yNQKk8Knk3i00FTuGSqpairQVCGI5NOvtS9R9nKgqG9Gdflq2MUUFNDHT08SRxRKEREGFVQMAAegxrYMCMiZ3WcbRGrd6PPt+eiUgLXSwUMhI7RzTJE5+fK5x8dM8Mr7p4jVEmW/R21EEUXUFZa2VPbcYzkIh5PQhi47HW5vqta2UNBd3cfRbdVSVtXH6yxxU0zKo+PmiIj4ga+PC21TWzZlLPWCM1t1d7lVvGuBJLM3OWx6ZyD8ydegwHGZKXOD11iFJOdfCjmNa8tWrAwKxihw2Q2Dhm/wDECB8Bn11obv3bYthbZuO79zVgprba4TPO+Mk+iqo9WZiFA9SQNekSM8Z+MW3OCu0JNy3z/WKmUmG30COBJVzY7D3KO7N6D3kqp5i8Qd/bn4m7pq927rr2qa2qOAOojhjBPLFGv6qLk4HxJOSSS+8buLO4uL++Kncl7PlRIPJoqJGJjo4M5EYz3br7TfrNkgAYUQDvplp9PsG49w2qvbyZ9rtXx2OxzVL59lMYI6Fjgke/OfLXPz9+m21U0tJQRRztzTY55W97sct+ZOvhufmrbrbLCMlYwKqqJPXp1Ckf3jj+EadIIpZpVghhklklYKkcaFndicAKB1JJ6ADW+0fIzUtuPE3Rturm2/Ju3LrBS3COgUYGJHeJ3Y57gqET5+Z8NRMQlt7SyMpPJb1wfcS+P66tPvPYMW3eBQsyhGqrb5FXPIvQPUGRRK3xGHcDPYAD0GqzQw53DXVLdhTQKv3lz/loPS2i5iR9zS+g0kA+ZvqMa156gpWU8APSQOfwA/rrZGT6aaLtL5N6s6jP1jzL/hGmBOJl4kit3CR+Ju3N2XC0hjetv/RpqWMZPnxlZWkiwP1iOUqcd1x0DE6CXPLCHiDMoPRxnHY5/IjV4/CNYnuNFxDroUJlo5LZKP3kKT84+7lB+7Qc8V/CFNrXpeINgpQlsu8pStjRfZgqjk83TssnU/3g37QGlB1B9YoYWNOLKBYvY7g+2nuL9JU60lS2Z4/ZLere4/5fPHv1P7ZEt2tk9pYg1MHNUUmfXp7afeOoHvGgVaa02+ujnHNyg4cA4yvr9/qPiBoo2m8T01fDUrJiUYmj92VIDAD3Ho3ybTCt9w2mB54l7vDrxhruI/Arc2wro6Vm5to2uSooPpDgfTYI1L0/MSSSUkRUY46KYzkknTduVFastNyaGWOR3ko3SRCjJzLz4dT1UhosYPUEkarXw34gjhpxBot0USymhJkhrY41yZaGoTlkj5cjJUNzKMj2lXPbV4+JnDWtud2u/wDo9JSoa2nW+0dOWIaaRHUzrGAOuX5GLZ71P4i3IFV6z0RxMqT6OoWz/YK2jmdo4KWEy1E8iwwxjpzyMcKPh1Pf076PmydrQ7SsUVsicSTsTNVTYx5szfab5dAAPQADQs4WxUdx3XRVrn/YQyTwA+rFCv8A5WbRwUjocHXOVpjvudB+R1GSE8Tx05cEDudLWb4f2c99LW4i/fNKmTmcDOnWMdMagEe7aiJulDKfdlTrZqN+1dNQzOlrmecqEgXGOaRjhAfmxGhgzKckQX0WAzJzteGO4VtbfuZXSJmt9KRk4VG+uPXsTIvKf+5U+upHqB8JLg36PnsMk7uafEsbSNzMwPRiT6nIBJ97anxUBgP5aZaaxbawywBjuOYIuOtTXiqtFLR1MYhkgniqoS3tFWkhlSRR64an5T8JTqfbirHstkoLJaRyV1cEoKMKP9mMAGTA9FXr8DjQl4rpPVcU5pm9qno7NSU8P7srzTvMPvX6P+GiJtasj3dvG4bhLc1JZf8Am+kHcc5ALsCOmSpH3ONb4l9vsDGTSnpIqGjgoqdeWKCNY0HuCjA1z68ZfG59/b/g4cWaqU7f2zVO9TynpV1USnzG+SE+WPTq56gjFtvEzxbHCHhRc79RzhLtWj6BbOoys7qfrMH9hQz9RglQPXXLankaaSuqnQHkWOAOepDuSzYPxAGtqV5yZapM+6J3aR2ldiWcljn3nXisEdWIyAcke8aRDDoNfCtqloqSWrm+zCjOfuGmodTCz1NGjL118ud2dce0tMhHuXLN+Z/LRZ4LWezNfX3fuitpKK0WPDiaslSOJqo/7NeZiBlRl+nUHkProaWC21UlPS0cEJlq6th9Wvd5pWzyj4lmAGrncC/DBsOjMF43TZIr/V0vtzNcf9ZpzUuq8yxwsPLVVCqAeXmIVck5OgdZqNilB5m2nTneehN2bc/CjiTw/um0dtbvt90u9RC0lZFAxEkcTqY8qWADcpdTlcgE/LVJBE8VxqldCrmOLKsMFcFxgj09ddVavbNpg27V2SzWmjoYpImVIqWBIkDAZX2VAHcDXNrixZn29xPvtCzMRVFKyMsMcySM7nHvCtIyg/u6B0Fmxiqze9hcu6RXy89M6ju45hFfbGHbOJj0+ZUf11KBGxx2GfjqIbhpqqv3dQUdDEZ3pgs8ir6RoTJIfkEUt8hpizHEBIz1LteEq/7Z4ecLN7cQt01xpLdFc4aaZxC0h9iNeUKqgliWnAwPmcDrr7XPcPCTjjaLxtnbt/ir6G4QMHpnjMVTTZ6hgkgzlG5SGHMuQvXPTUn8CqTHh3uLnX6v9Pty9PX6LBn8uXRc3/wn2fvSlerqduUQvEBWaluEMYhq0kXqAJ0w4B7Ec2CCQehOk+ox6pMJ0t+w7T1OPe79qXPZu57jtW6qqVdtmMTkZ5WHdXXIzyspBHwI040VymW2QVYOZaCRWk9eZBhD8vZZB/Do7+L7h3dYJLfvsU30hY0/R1wqwAsnQ/UtKgAXOS6lxgHKLgYGa2UMyq0tFNIVjljfqPVwpKD72wPv0zofegYTPUJtc46haSqSWniK5dVX2T6FD1H8z+OujHho3u+8eBm2rzNUsKzaNULNViPGGp15Y1DluvKsMkMjHP2oc9umuau0ZfpdgpHk6uimNuv7JwPyxq5HgGvkVVeN58OakM0F1tq1uQ32PLbynHzYVCH+HU25IzBbRxmGHiXs+o4cblh3xt6Em11lVzTxj7NNUOeo/wC7kJPydsfrACeWC90e4rbHcaJsBvZkQ943x1U6k0NNDujaMdBe1jqVrqMQVqoSAZOXlkAI6ghgw94I+Ggvsb6dsnfNbsi6ys+TyJIwx5wxzRSD5qSD+9kemldyYJYQmhxqF2v2P+QqKh5sk6WsiRzY0tYZEp6ZzwZW7a+7t7bnx+i6CeqiB5WfIH56MGx9v14vlqn3ExyzuUhZsgyCJyAfecZb+HOoH4a4+fak0jAZE5H56Lt2pqp6VKygiVq23ypV0obpzOhyUz+rzrzRk+5z37avuw2D1KOQRtEYFEux939Swhik9DnnhY/n0/MaLkUsc6xyxsGSQBlYdiD2Oobvi2U25LDSbotZEqrCsysAQXgYZBx36Zz17ddecOtxx1EIsVXKFlhH1GT9tf2R8R/L5aE0zjS6hqD8TyIB0cQbcQ7gP9NtxOVLJTzxInL1L4poSQPjzEjHw0Y9k7eO19r0NolRfpKp5lUyuWDTueaQgn05iQPcAB6aEtqtjX/in5ZiSSEX+pqKgsfsrTySFCPj5kUQ+ROitxM3pR8PtiX7eNY0YW1UUk8ayHAkmxiKP5u5VR8WGnRGMATaxsgKJQjxycS5N7cTJNp0NQTatqr+j1UEEPVyMvnuCOvT2I8HsY2x31XUMzQoit/tKuSRh7+RSg/nrdv1fVXOqqLnXzNNVVVUKmaRu7yNKGZj8SST9+muiUulvb/taZ5T8yUP+Z0YgwuIZSQq7TN5GDA4PbodNm4Uaopae3gZFbVRQvj9jPM35Kfx060ahoCSOjMxB+Gdbe3trXLeu+LHtmzI0lTOzqgCFgrMQA5x6KokP3ak8cmSRk4ENHhj4XVm59w/6SzQEw0jGKkLKceZjDzdD2RSQAQQWbpgrq9VptNNa6KG30akRxDAyepPqT8SdMXDPh7beH22qSx0UYLwwrG79ycD34GTnJJ9SSdTMRhAOnU9tJbnNjk+JrZYEXaJ8DAB1PXVIvGXsJbVum2bsjAVJDLREcg9pZfrU6j7IUxTD48w++8ZOgn4sNsG/cKLlWw4EtBH57MVzhIyJT958vlH9/UUtssBkUNnKnzKBAYGNTrw88NJtz/6Z72q4SI62hqrNa2b7JBjPnSY79AFUEe+Qemm7YPDPeHEy801m2xbpjHPUpTVFeY8w0YYEl3JIBwqs3KDzEDpq89Hw2tm0aODau07eTR2Hbj01LH0zJM3mgFvezszsT7yT66P1VwVcDzL0KA2WjL4MrNDbeC0NfF3u90rKtuufaRhTkfd5GNHJgD1GmTZu36HZO07LtOnmi8u20kVGjhRH57ontPy/tMQznuepPXrp9GSMemlztvJMFYFTAXx84dUm5bNdLXPH/ql+p5ImbHSKfGVb5hgrj4g65T1tuqbbc5rfcIjDU0VQ0M8Z6lHRsMp+RBGu225LQl5tFVb2A53XmjP7Ljqp/H+euVPiv2ku1+LNVXRQrFDe6eOuCKvLyydY5AR7yyFife+i9FZhihh1jC2kN5EjPD6fntU0BOTHMT9xA/odWN8Fl+qLH4jrXQwPyxXmCopKgH1Q00kg/x08f4arLw4cmS4IT0+qI/xasP4TqeRvEbtusKkU1Gk9VVzfqwwx0lUSx9w5io/iGjWOVIi5z7TmXmuW7Lpta6XSxWkU/0dK2eZC6EsrTOZX9cH25GP36gHEXcFzr6m2brkhp46i2MIp5YVKs0RYFWb38jdfgGfWxBPLWtNcp/OElfPNWus320MsjScnyXm5QPQKBrKogiqoJKaojDxTIUdWHRlIwRoo6RDVtI5Ii1NW1VgdfEKVsrUuNFBXIPZnjVx8MjONLUS4TVc36Hqdt1krSVFmm8pXbqZIGHNE5PvxkH4qdLXNsCjFWHIjsbXG4HgyGeHHps9mQ/amP8AM6NkZ9kddQDhBtam25tChgp5vMM8azu37zDPTU/jUjprzEEmCscGZbXqltdxqNtVRH0auMlXQc+SMk808OSTk8xMgH7LsAAI9RrdGzK601rVVrglkpnbnTy1JaI+449B6HUhr6Fa+nWMTPBLE4lhnQ4eKQdmH8iD0IJBBBIOc+/Fo7RUw3aCGG+wwN9GpDL5cdwlxhPo7t0bmYqCvVkLAHuC1bqK9Wm1+COjMHTnIg04C0t2r96V17q6hpIYKarm5iDiVa6eKpp26+qxBlJ9+ffqK+Pre72rYtm2RSzhZb/WmepTGeampwDj4fWvEQf3D8dGrh/ZqO1btvaUNOiRxWe0URdMjmaJqvAI7ZCOnxwR6AapZ45NzvfeNktiXKR7ft1PRgg5y8i+eX+BxKg/h0w04OFBliP5MSqe6lu4Rp4qsQwwfXcpGFlCnIHN+q3pg9D0+OnunhEaQSAYSGl8v/y/01q0l3hrvpdrmYCspy8boRjnA6Bx8D06en4E7bzDMUaH2ZaaRh93Lj+emLEHGJv+plaX8210suc+ZCjE/EqDq0fhftew+F+wd1+I/e05iFvDUKyOgIjgjVWxF6tJJJKExnqVUDqTmq+3ZEmsdCyYOYUH3gY0TvEZtDfNx8KvCldvyz/6OyXarW8wxYCmpnqWFLLJ6kD6xQT0BZfUjWGoPt2nzCKxkxmum+fE94ytxXDcVk3FPsfYFDM6xBa56ekgiHcMUw1TKAMsx9kEnHICF1E7HxE3rwo3VAvCHxTSb0ulPOIprDXQ1gorkAfbhj81mgmLAFRh0ds/VMXK5tpvniFwv8IO1OHtr3Vsye5bbu8ddTJboaWGbmpqaADLpLgM0k88TFs5wHbJzg8ybskO+9+Vv6CtEVjkudXUzrQySjyYWaR3EUfKg5VVSqBSD1U9QDgYhFC8z27eSqjM7E+HDio/GfaNu39YmqaS3P59HdrVWyvNJRXCMLzLFI+WeM8wYdfZBx+6hE39tn/TTaNz2q0zRR3WL6NJIDgrGxAcj48vNj440G/AfUwXbw823cMiSrdrnX1LXrnOfMrouSAzf3pIooHc9y7Ox6k6sRj4aXvwxxKFyDn6jDtPZm3tmWGj25t22Q0lHQj6tUXqWIwXJ7ljk5buc9dPQp40d5VQc7gBmx1IHYfmfx19B0OdZY5umq9ypds5lMfFJxx37sLcF42ttWtisl2NOlVXbor4s09jtkkrLAlMmG8yeby2zyKScEAcyMyVb2jtNOJ9dWXThV4n9xXLiRSo1VFDc45qGSuK5ZvKmMrNzDGc5PbJCjJFqfGBx04c8HKjiHsbcuznu9937tana1TGFJIomkWekd5HfqnIqK6qoOWDdVLFjzU21V3bam5aDe+0qucQ2y7gUVY8ao/OhDoZIwzBcqRlcsPtDJGmOnrQJuImuWsGQOp1X8GniguvGm3XLh9xKpxRcQdqLyV8bR+U1bCrCNpigACSK+FkUADLqRjOAHP7R/akVvqtu7jhjCrUzVEIwO5cIx/BkY/x6eL5wx3Ftj+0L2hcNlQFjW2kXW9yReyoo+WWGSWUe5k8pBnOZAPnpm/tLd3tUbh2dsOF15KKmmu1QO5LSt5cfywIpP8AxayRNuoGJCWYUj7lX+G4H0i4Hrjli/m2rJeGa7Ult35daB5HSpv1kmtVOVUlWDTwyTKcfZzBFMA3oTgdSNVu2CWpaK5XDy2cZVUQDqzAE4HxJYD79WJ2Hw83HtSHaPFLa1BUXa3oUNZBEDJUoMGKodU6lg/1hVVyRzL0A6Boq7jBbGCqcy2QAHbXvMdYRyrKiSJnldQwyCDgjPUHqPv1lpmq5HMSGZ0F0bbl5p78pxTj6iuXH2qcn7XzRsNn3c49dLWDKrAqwBB7g6Wg7fx6WtuMJq1T1LtE0/D9umouVsqbPUzEtR8rRgnsp0Y4ZgTg99Vz8OUgF6uiknPkL/PVg6ZvbBJ1y9ow/EZtHOMhjg9tfbKr01qJJ7XQjpr7cwProSxiDPA8SEruer2ZxDus1TFLNS1scM3lJ0ynlKisCehYPFIMZyAfiM88OIO56neO/txboq5/Na6XOpqEbOcRGQ+WoPuCcqj4Aa6A8caZodmV27qMx/S7DRVM5DyFPMg5MugOcBsqrKSD1XlyvOSOaskapXQAdAIpAAPmmnmhO+sH6kgDdmMFj2LXb64xWfaNtnelmvlfBAlQhOYUcgPJ064VQ7H4A6n3EnbFq2bxBuG3rK5ktdLUzQW52cuXpG9uE8x+37Cr19e+pt4WNmLuXj1R1qO8UlusdwnEyHrEzIIFcZ6ZBqcj4gaJnjF4b2ilhotzbXs/LUWOFGusgdiDA78sbAHILKPMLDIIVwe2Mb2XbLAphCIGGTKl7PkX9FmmU9aWolhI9xDEj8iNdG+CO3rTvTw3WPb13h8yirqOeFx0yrLUycrjPZlZVYH0IB1zvsm3r1b1uN5koJP0TVXF4IaoY5DUCNJHjPqCFljIz364zg46EeD68x3XgrR0I+3Z66qo365zzP5wOPTpMB92s9UfbkeJFbYJg4/tDOCN93pwZ2LvCxUs9wqOH8nl3NKchilFNFGJpyvdgkkEROM4V3Y4Ckin2yPD7QbgNRxVpt5W+lrWmkakstQ8cby1LdCrStIORSzZBK4x1JABOuvCsyKyKx5XGGX0I9xGhva/D7wPs01aKfh1ZX+nM81RDVxmpiJkYlisUpZEBOcBAFAyAAOml9tjWDA4m+ivWkFXGfIjD4Qtj3PYnAayW68wtBW19RVXKSFgPqxI/LH1HfmjRHz+/oykY0lDKoXsAMDHu0tZwZyWck+YtZ82NYga0Ib5bZ7vPYoakPWU8YklQA+wDg4J7ZwynHfBB16ZnJ6lRvHrwXod77i2fu+4zvTWqqpZdvXasjiZ2pFWRqiFwAD3bnHuyAOvNoD2HwjU1+v1g4ecNLxLebLca9Xu9xd4jJRnH1khTKkokS5DY5S5VM8xAPTC62e0XuFKa82qkr4Y5BKkdVAsqq47MAwIB6nr30109LsmxVz19LbbTb6yGPynnjpUikSNifZLAAhSUPTOPZJ9Ne3vuBzx9RhRdspKgc/cd2sdmt9+ud+t9Iq1128hKqoPV3SFOSNAT2RRzEKOnM7nuxJ5geK2K58UvEtvKi22RWG2wyJgyYWKOgouep6ntymGY49W6DqddSS4AJJGBnrnVWdgcGLLtrYXFfixuj66/wC8LZdquaEHl+gUVTE84p+Yf9a6ujOQcjKAYwWYmh82bjAP6+JQa2pV0dFZKVDyxT1iyy++Q5BUfIAD7/l1v3wDkEnCWxtnqGq0/CqlH+WqRbhhSCosvlj2FrkUfAY/4aux4e/b4R2VvTza3/e5tPaVzzAtYfYIRx79e68XXumI6i2ejvpaQ76WpnoL+CV5js98r55s+WacZwOo66O1r3lbq+dKenZmZhkDHXQL4XWiusl9lnu0AijmiKKGIPX5aL9sWywVImgSNJWGMqMa4l9rtlZ0TVY7EnkdSPtBvnrZNVHHC0ssioqAszMcAAdyT6aj8c2cKradtu2p9y1bPVxk2uilAYEECqnXry9sGNemcZDMOU/ZYHEVeo3ExPAyYJfFFf7jR8EbtVpTrTUd1lp6Gnknz5tQzSK55I/1UMaS+0xByvRSCG1z+lfnuMJ5uixyg/PKau3/AGhG85KKzbZ2WtM4gnnqLrNMyYXmgQIqqfXpO5P3ao5HFJHNTJKfrDTys+P2spn8ydO9NWK1wJCEnmG/wvcWdp8Md6TXLdjintl4pBRm4EEikJdWUsMZ5CQAT6eyewOr1NabXuCnqqqCtgq7ZeqNUcwkOkykELKjgkHKtjPXOFwRjrygSA3HbCwA+1NSgKfccdPzGpb4ZvFbujgfc4rLeJam7bOqHP0i3M+WpSxyZqfP2WzklMhWyc4JDCuooLnevcKrbbwZe3bnADb9BZN1cP71RpV7dvVTFcaV4vq3p6gpyN5fcoV5EI7jDEdRkaaeDvBTe3A/d1ya3XOjv+2LukSTKMwVkUik8knI31ZChmDYfJByBkBTJbn4oOAlr2iu9ZOJdmno3iSRKemnEta5bGE+jL9aGyeoKjl7tgAnW9wU49bB49Wisuuypa2GW2yiKroa+NY6mHm6o5CMylWw2CGP2SOhGgXNmDkcTzYWEZcZBOmyrsj1DLUR1hiqo+kcvIGGMYwynuPtdOn2mx3064x10sH3awmSORwJoWu2fozzFjqZpI3ChUkcsEAz0GT8e/c+pOt/Swfdpde2vTzMT3PR6jXzWnhjmeoWFFlkADuAMsB2yfXXwqbtRUs60ru7zsA3kwRPLIFOcMVQEhcgjmOBnpnX1pauCup0qaZ+eN84OCCCDggg9QQQQQeoIIPXU4lVyOZmy57a1TbaXzjUeQvmMwYkDu2AMn44UD5DGtzS1E0DsvUZ7pTJbNtV8NCfIWGknaM5zyHkY5yfjqtfio4u2bbO3JOCmzZ81UoQXeVJCTTxZD+UzZyZJOhfP6pOc8/QzeIrdjbJ4Iby3BDWfRaiO1y09NKCMrPMPKjIz3IZ1OPhrmdYjWSW9K251MtRV1ztWVE0rl5JXkYuXZjksxzkk9ck6M0tJf3eJUkvNarQVBjLHJp7krfiMf8Aq1dbw7L/AND9kPcmau/3ybVLSUWO4yP0SKsSQn3ACNifwzq6Xh1P/Q/ZcE482u/3ubTqpiW5gGt4QfuEjHw15rLpjvrHR1fUWiejvpaQ76WtJMh1dKYrnECcexrcNyNNPAxbAZwM6bZvNuNyM8akRRAgE/rHWVbSVVVLSUtHTyT1M06xwwxrl5GJ7Afdn4AEnprhaAfM6q9sEQuU4qa+WltNvYCsrG8tGPaNcZeQ9CMKuT1wCeVcjmGi5bKCislsgt9IFjp6ZAi8x9PUk+pJySfUknQ4peFF1eKO6VdwhW4yJyGEqSlOnfkVh3PbmOOpA9AAPpNwyv8AKw865UrgdRzO5x8umrvbbWcJXn/2KrH3HA6lRvH/ALshvfEuybdo6mOopaG2Jlo2DBZZJXaQEj9yKP8AHVXayqVL5RUwbq8E5Pyyn9NF7xTwCk49320fSvOFqgpYiwHssz08bEfAqeYfedAaoq2k37Q0+cBIXU9fejH/ACGnOnLGoFxgzdVwuY+bbk5rNTgn7HMmfkxGoBum2m2XeeJBiOQ+bH6dD6fjnU62ueWjqqZsZp62eM4/v5H5Ea0N8WgVtvFfHjzaTqR+0h7/AIdD+OtpqOoOPpD55CTjBI0WvDTxpq+CHE637sYzPaaj/U7vTx9TJSORzEDIBdCA69RkrjIBOhU6grzKRkdRryUnygyE476oQGXBnskidyrPdrZuK00d8stdFWW+vgSppqiFuZJYnAZWU+4gg62/azga5h+EfxSbx4Y3q1cNp1hum2LpWrBDS1MjIaKWV/tQuA3KGY5KEcpZifZLM2uju3t62Pc8aCiqTDVMgeSiqMJUR9ASCuSGwTgspZc5wx0pvpNRwZArYjIHEfska8JOvVP4a9YAjprCUyA2JXXcPB/iJuDdl4u9bTUj/Sa6VoKmSdMNBzfVAADmAVOVcEZ9n1+0TDwz2k+x9lW3bEhiL0olkkEJJjV5ZXlZVJAyoZyB0HQDoO2pOF+GsgupGTC7tY19YrI4E8wPv1q3e6Wuw2upvV6uFPQ0FFE09RU1EgSOKNRkszHoABqF8XeOfDjgpZzdN8XtYp3jL0tugxJV1RAOAkfoCRjnYhAcAsMjXNjxDeK7fnHWp+gSt+h9sQy89NaaaQlWI7PO+AZXGOmQFX9UA5J3qoaz9QRVkt8WHiWl49bqpNlbNklj2hbagGBmUo9dUdVNQwPVUVSQikZALE9W5VhcUUcESQxIFRFCqo9ANQTh1bfpFVUXeTOIR5UWR+sR1P3DA/i1PtNKlCLtE1BB6jdSRrWi80xOQ1Q0Rx36xJ/XVy/DhIZuC+3anGPPFVMB7g1VKQPz1S+wVCNXXmFevJWBj98aD/06uj4dqyKq4T2ymjAVqGepp3APY+czj/C6n79FafAbmAa3lB+4ShpaWlpgpyIsno76WkO+lq09ItT4WPAAGvnPXVdsqKa6W6qlpquklEkM0bYZGwVPwIIZhg5BB1prUumffrWr55JUBJwQw6a4hDg5nRsS3cKb7g3+yGoj4nXyIFQeRaS3lR0/epifxOhB/wAvvE0VdbarpuW7XWFnaNSDDTSIAcey1NHEwPxzooU8nm0sbkdHjB/LQQFbQ7fqNw3qqiBW2xT1TKR1IQFiB8TjWyOWOJlsQ84ldN93T9M753Dd/LZPpVwkJVmLEFcISWOSxJUkknJJJPfQdqbmy7wFd5mESsUFv3AQp/LOiDX1Yp6eoq5XLFFaRmPqe5/HQhkZpHZmJJY5J07YbEWSesCFG0vyXq80GCoWeOoB9/Ogz+a6e3WNlaNwGVhgg+oOohbK8z3e23MuALjRtBIP/mxnJ+X/AB1KfnqssvUFt8txs1ylo2B5M80ZI7oT0/p92mwtgNEo79fu0SN3WT9LW/zoEzU0/tLjuy+q/wCehu2Y2GRkqemqmQczeslze03ChukPV6GeKoXH7SMG/mNdPsQzrHIQDjDxt6qcdCD3B69x11y7paeetqY6CkiaSWqdUiRRkuzHAA+Z11Cp4TT08VOW5vKRUz78DGgNfxtjv8V0wj/Z98bvsh5Irr+kqYFAKe4DnKIowVWYYky3ctIZMEdvTUvt/GG1MuL5Zq+hIYKZYE+lxHJ6Y8seb8yYwB164GdDTXoYg9NLC+2F26Cm3nGP1DXHxB2NI1Ui7ysyvQRmarRq6NWp48Z5pFJBQY65bGqt+JTx5WvZ6Vu0ODskNxvEfPT1N3lQmnpH6qRCp6SyA9eY5jGB0fJAm8jQqjTT8uEHNzN+rj1+GuX24a2e7XGtuEzFnqqh5ix9S78xP56N0aC1iT4ijWaFdMAQcza3NufcG8LlPftzXiquVwr3556ipkLySMfeT6AdAOwAAHQabJiR7OPZGkxBmhjI9C35f8db9somud2o7bj2JpRz/BB1b8gdNQoAwIB4hH2lbxbbBSw4IeRfNfP7Tdfy6D7tOk8vleWOntuF/In/AC1kqhVCr0A/lpsu03Lc7TTg/bmkkI+Cxt/UakDAk4wOI2bTm571f+vepyMfBnGrbeFC5s9s3HZC4KQVEFYq+4yIyN/+FdUz2DUq96rfU1CtJ39Q3/HVmvDFcEpOItRSS1PIK21zRohOBJIrxsPvCrIflnWy8MMQbVLuqP8AktUwwdea9z015pgnUTz0d9LSHfS1eeg+VkY4B18aqQEBBjvk6+QbkOR11rSzl3wD699cMJ1WAOoULa6ighUnGIx/LVe/ETV0VuslVLaKgxPc6hKZyrfaweZh96oR9+jvEx/RCsG6/Rwcj38uqdcXLzJV11FapJWcwGaoYE9PaIVT+T6J0iFrQINtIGYId6Va01keHOGqGVAPgOp/l+eh2Cc5z21J9/Vjy3KGkH2YIuY/3mP9ANRgRufsqTn0Gndxy2B0JUA9xxs11eNZI8DnpZ1rIPTJGBIv3gA/cdFKCoSeJJo2DRyAMjD1B7HTTwo8OvEziNWwSUeyNyNaH5nkr6e2ymM4/USQryFj8+nf0071O2Lzse6VWzr9TzxT0DsIDNEY2eLOMFW6qyH2WX06e8E+TDe0zUVsU3iZ5B1Ad2WQUFZ9NhA+j1LE4A6I/qPv76nmAOmc518K2jgr6Z6WoQMjjr7wfQj46lqj4lO+5l4W6TblTxkt0G4KUVDmCaS2BvsR1iDnViOxwiyEZ7NynuBq+GuaVprLzsLdNHeKGUxVlsqVqIJAOjAH81IyCPcSNdFtobptm9NsW7dNpcGmuUCzKM5KN2ZD8VYMp+IOkv5BGDBo8/F2KVKeY7k41kMEax6HXpwF0paNpo32mpay01FBWAmCuUUcoBwSkpEZGfTo2q9cafCnHep6jc/DSOCnqZCZZ7SxCRSNnOYSfZQ5P2DhfcVxg2IucLz0LLHE0jxvHMsakAuY3D8oJ6ZPLjr066289c9tE6a16SSpmVtKXDDCcubla7raLxNbLvQVFFWUnsSwTxsjoT6EHqOmNSbhxTGe6VNfIM/RohGvTszd/wAh+ei/41l5N6WB0jUFrY2SAMt9a/c//wB30M9gU30awrOQQ9XI0x+XYfkNPqmNiB5zOpp9K0oPEl+NRDcFwddzKsWT9AoJ5WGenMUb/wDXUo85vdocVNXPWy7iuEQLMFEQbHUIZAD/AIFP3a1mJ/yY7EdYb7TL+2rp/hP9NWB4M1sFFxU25PLJyAVTRA+hMkTxgfi+q1WSpFJdKKcntMmevQDOD+Wjbtat+gbps9xY8gpblSzn5JMrH8hqytkiZuMqRL9hlx0OlzDWo0hDYBONeGQgfa0yr6iHGJuc6+/S1pB+vTS1YsBPQayVsfIQD36a0xOebJGnWs2ffIYmZKXnA/YYE6aP0XdqZ8VFBUKMZyUONcWKyBzOlNmcYhHpJW/QSde9OD/h1STe9S9bu25zM4ZYpfJjA/VCgZH/AI+f8dXUo5AdvRHPamwfhhdUaaGu3BeGittNLU1dyqyIIYxl5ZZH9lQPUksANGaEbWLTxPtjpwD8Mm7/ABK8QLglPO1r2za5glyu7rzcmAOWGFf15SOvuUdWPVVbp3wm8N3B3gtQwwbJ2dRR1sSFHulSgnrps9y0zDmAP7K8q+4DT5wl4aWLhLsG1bIsNOixUMKmeYKA1TUMMyzPjuzNk/LAHQDUw1vZaXMX2WFjxEAgGCuqseNjgtHuq0UG97DRxLc1rKegqpGPIgWV1SOV29ACfLPQkh1z9gYtPpg3/tym3bsq9bdqoBKK6jkjjHqsuMxsD6FXCsD6EDVFbacz1FrUuHWcg66hq7ZWz26vp3p6mlleGaGQYaORSVZSPeCCD8tfDVpvF/wdpkhh427SpUS33IQ/peJBgRyycojqAPc/Mqt+9g9S5Oqs6b1PvXMLV90aNxWVLvSlUUCojyYm7Z/dPwOij4QeIsduqLtw8vtdHTRAmuofpEvJyv0WWIcxx+ywUfvnrk6ghGdNNJc5Nhb9se/qFygpatPpiqMl4D7EvTr9qNmXt3I9TrHV0i2sib6a00Wh5f6CWKojE1PKksbdmRgwP3jWfpjS3Dw4vG3c3GttU1Erq0outsPPA68v+0dwOXlwennKBnOAcZ1r0LVDQ889TDUBjmOSJCoZMDGepye/UdPhrl7KivM6eq6u4ZQ5n3d1jVndgqqCSScAD3nWgl4FTIq0FFPPGwJ+kEBIRgjHVvabPcFVZenftlXGjiqqiEVrvNCWCxUioW86X0HIMmRv2UAPX0JAILnD7hFV3Fob1vGjanpVIkht7n6yX3GYfqr2PJ3PQNj2kM01ljMdTq6tIuXPP1KDeOPb12oK7aO4Kum8qlu9vqUoi2Q0vlSLzNggYU+anKfUdexBI5t1MlBQU9Gv/UxKnT4DV0f7TPa6XCycOL+cgUN3qaE4HQiaNJMf/bfz1Tb1wR110elrzWF+pzTahtSxsbsz4XCSWKjlkp0Z5SpWNF6lnPRQPmSNOvALhtHX8S32Du+I5lu4s1wiilwTzVC0sqqw+Ez+0PcNEnwvcP03/wAZ7QldCHtW21N/ruZSUbySBCh9MmVkbB7rG3fB1KfCXtyn3fxBtO9KlFE9/wB11lXkqMq1Kq1hAPcA+ZH+A1N7BSQJ6llFnu+j/wAmlx+/s4N2bNWo3PwZrJty2qLMr2qYAXCBR1+rIHLOB7gFfsArHJ0Dn86MNzRtHNHnKOpDKw9CD2IPca7Q6qL44uBFmqNtzcZNuUEVLcqGSNLwseFWqgdwiylQOsiuyDPTKk5zyroeqzkBoIlp6McoKyOrpaesi+xPGsq/JgCP569MrZ7nTJsyVqjZm35yxLSWqkcn4mFTp409r+MVP8p9FkPrpa+Y76WrykpPS713pRMJKfcNcCp6HzmOiDtXxJb5sQWG8iK50wOGEyZYj56ic+2aiFTiDB79u356Zq23mPuCGPv1z9iqqzoeDLa2Hifsvf8AtC71NrC0NzpaCeY0xPcrGTkD3dNAjwlbYp9z+IDaVHOhMNvne5Pg/rQRNJGf/qLHqM7Ett9q6yuSzRyDloKoTuvYIYmBzosf2fVIKrjjWTyf+67eqpV+DGenT+TN+Oq1gIrESthwhnRc9Dga816e+vNYwCZdD31iRzAjS16vfXp6DCns1Dc9ottKroaeW2SUbWqaCRmcNEqmKRGxjB6MOh6Y1za4tcN7lwn3zX7PuUjTrDyzUdSU5RU0z55JAMnHYqf3lYa6ZUlHSWBrhQpNnFyrKpl+0waed5yMDr/1ugZ4vuHlNvnh4267ZRTtd9rhqnmFNIDJRn/bISV68oHmD3crAfaOjKX2HMvXZtaUR023ajStMNNI2Fn54ifdkZB+4qD92t8/V9GcddTDhtw6/wCURN1yiQo22Nt1d/ikwSvPA8eVPxaNpQPx9NGPapUw1jxmdKvDZuCp3RwF2NdbhIZar9DQUtS7HLPLAPJdj8S0ZJ+epTcOHGwbrUvWXHZ1nnqJPtytRx87fNgMn8dBvwa7dEvh22xcrVXT2yrlmuRkaLDRzkXCcAyRt7LHCKOYYfAADAasJEsyRItQ6PIFHMyLyqT6kDJwPhk6UMOYFkoTtMaLLsraG3pWqLHtm2UEzDBlp6VEcj3FgMn7zp5yqgsxAUdSdeSeYI2aJAzY9kE4BPz0xtY7rfRjdEkC0hBDW6kZmikHumkYAyrj9XlVepDB+mIlSS3Jle/GzbI99cGJtxRyslp23cqSvoZFxitndjT+YD/2ISoflP67HmHsqpfn6O/bXTzxjUqT+HHdsfKfYFDIOXvla2Bv8tcy7Xbqu83Sks9vTzKquqI6WFAftSOwVR95I0w0jgKQYTSRtlzPC3sit2bwA3ZxFZlhq9wUlVUoksR/9mpYpVix7QxlzM2fUMv3rwebUjaj4U1CQ+T9Ctu4rxLhcGSYzxUQz/Aen90aOG6rRarBwXvO0bLhKai21VUNMgy3srSsq5PqegyTpo8N9hip6XbVZBE0UFv2HbFjBUqGlrHeaY9f3oEP8WhncnJPmZh+CYdyCO+o/wAQduw7w2JuDa08YdLrbamkwfe8bKCPcQSCD8NSAkk5OvD2wfXWA7zMRxKb8P2D7B206jAaz0RA9w8lOmn7TXtuIUO3rVRBcCChgjAHoBGo/wAtOJlU9AOuulr+IgT/ACmY76Wvn52Bn19NLV5SAGNFcFWAOdOdl4WWzdFxiSqr5Ikc4IjjH9dLS0guPQj1YZpdmbY4a7Mr47Lakcy07xyO59twwIOT9+hR/Z2e1xivLH/4Zm/3mm0tLVR8DK29GdCmOMnWHmH3aWlrCCReYfdr6DvpaWvT0HtO8r7q3bHJIWWK6QhAf1QaClOPxJP3632iinieCaNXSRSrKwyCCOoOlpa1DHEHYnfOU/E7btFtLiLuXa1teRqO03WqpKcyHLeWkjKoJ9TgDrq1v9nrti31NJu+41yLUpdY/wBGSQSICqxRqjMM+of6Tgg9Pqx79LS1s5/jjR/65ZXw3WiCx8CNkUdM2VltENYTgD2p8zMOn70h6+uiSST30tLQjQQ9xAkdjpcze/S0tVzIkK4xWmhv2xZLRdIBNSVd1tMU0bdnQ3Cnyp+BHTVIbPwl2/s29cFN32qRxUXjcC01bGy9JZYbh7M2c9GKlVIHT2FPQ5ytLWyE4mtZl6Kulhq6aakqI1eKeNo5FI6MpGCPw0xcF6I2rbFotgmMwott2em8xhgvyRyDmPzxpaWqkyhhH0iOmc+mlpar5lZUaBfLghjUnCxqB+A1kSc99LS10qdQJ+56O+lpaWryk//Z\" width=\"200\" height=\"197\" />这是一个图片</p>', '2021-06-07 09:08:51', '2021-06-07 09:08:51');
INSERT INTO `edu_course_description` VALUES ('1401709425286184961', '<p><img class=\"wscnph\" src=\"data:image/jpeg;base64,/9j/4AAQSkZJRgABAQAAAQABAAD/2wBDAAMCAgICAgMCAgIDAwMDBAYEBAQEBAgGBgUGCQgKCgkICQkKDA8MCgsOCwkJDRENDg8QEBEQCgwSExIQEw8QEBD/2wBDAQMDAwQDBAgEBAgQCwkLEBAQEBAQEBAQEBAQEBAQEBAQEBAQEBAQEBAQEBAQEBAQEBAQEBAQEBAQEBAQEBAQEBD/wAARCADKAMgDASIAAhEBAxEB/8QAHQAAAQQDAQEAAAAAAAAAAAAABgQFBwgAAgMBCf/EAE8QAAIBAwMCAwUFBAYGCAMJAAECAwQFEQAGEiExBxNBFCJRYXEIMkKBkRUjodFSYnKSk7EWJDOCg8E0NUNFU1Si0iU2c0RVY4WVo8Lh8P/EABsBAAIDAQEBAAAAAAAAAAAAAAMEAAIFAQYH/8QAMREAAgIBAwIFAQgCAwEAAAAAAQIAAxEEEiExQQUTIlGRFCMyQlJhcaHRgcFiseHw/9oADAMBAAIRAxEAPwC5pvN4HT9rVn+O389YL1eSf+tq0/8AHb+ekhGdZggZGvIva/vPsP09P5R8CLDe7sDj9q1n+O389eC+Xcdf2rVn/jt/PSEL6+msAGR9NZ92ocdGMn01P5B8COIv93He7VnX/wDHb+es/bt5PUXar/x2/nptIyeg1sCD0Gs+zVWZ+8ZPpKPyj4EcP25eT/3tV/47fz10o7jf7jVihpbvVhgA8rmZyIkPYnr3OCAPXB+B00nzpJY6Sjj8ypnPGNM4HzYn0UDqT9AMkgEktNphnh9njdjblz5jH79dIejMx/8AD6YwOjdvuABmtH513qLHH7zN1z00DYijcf0Ecaa63EwiistRUzrFyVquedjGH9SD3kOT1AwvQjkCMaUFbjIZBX3q4SiQghY52hVOnULwIbH9ot9db1dVR22jkqamRIKeFcsT0AA9AP4AaCaq/br3RJ7Ntullo6TODMcB2HTqWPRPXouW7HI7a1dzL3mOmmFnYY9zDuPMK+XFLJ+cjEn6knOlCVdWihVq58DoP3jfz0B0Xh9JTE3C8XqQyhS8rxsS3T1MjdT+mjSjohR06Qe0TTBfxStyY/U6vvb3nLKaU+7g/wCIqFZW5z7XN/iHWNWVn/m5v751pxB1hT567vb3g9iew+JwKyvUe0y1lXI4GAGnfio+S545+eM/PW718rkwmtdj6qZTn9M69kgSZDG+cN0OCR/lpnn2bYZ25mkKNnPJJGBz+uql295ZUqPUfxHiCWop4xFFV1HEZPWZm7nPqdI7g135msobjUFwMNAZmCSD5dfdbvg+ucH0I5RUE9ph5U9TUVUKgkxSsGcf2Tj+B+WMeqoeTX0ytG5aOZQyspwcehBHbUYs4xmTZX2A+Ihp7vWVESzQ3GqwcggysCCDggjPQgggj4jXX9o3Hv8AtKq/xW/npqrvNttY88uMABpznHmR9hMB25L0D9vdIPoBpSzgD/LWJqWtofBY/MbqSuwZ2j4itrncuwuNT/it/PWv7Tuef+sKn/Gb+ekQlJPxxrdSSMkDrpI6pz+I/MN5FY/CPiKTc7mf+8Kn/Gb+esNyuYOf2jU4x/4rfz1wx8Br3A9dUbUv+Y/MnlV/lE7C5XLH/WNV/jN/PWa44Gs0P6m78x+Zzya/yiCpIHfXhdcY1xJJPUnXozr0ljgT0m3M3Y4OPhrxQT1/LWyxlvTrpXDRuwywIGsy5yeRKO6p1iXjkY1pKRAhYjJJCqo7sxOAoz3JJAA9SdO6UKFeo6jSqxW6neaW+VMqJSUXMRMWAXkMiSQnPZeqjOMHnkdjpWihtRbiJajXLShI69pztdlliCW6Rv8AXKtPNrZUfBggz0iUghhyOQG9cOwIIABTwjgiwAqIg9OgAH+Q1xs1PIKU1tQrCesbznVs5QH7qYPbiuAQOmeR7k61q19vrVtWAYUUTVXzUn3U7/iIOe/RSD94HXpq6xWoVRPNPaWYuepiOO2LuCVK+4hjRRsTTU3L3ZB6SuB3z+FfQdT1JCvaQRxII4kVFUYCqMADWySRSPKkUis0TcZApyVYgHB+BwQfzGtKqojpIGnkyQMAKvdmJwFHzJIA+uiFIPeT1MRXcxmOnomqPKesqEiQYz5mMyOn0KI+flnTgUyc9NJJPOkvFNCkaNEkEskjH7yPyQJj6jzP0+unARHGc6steZN05FQPhrOJ10KdMY6684t8NTyzJuM04/TWcfprfifhrCCO41PLPeTcZpwB7402eyS26vL06M9JWOTIiknyZT+MD0VvxY/F72PeY6ddbcDjOOmpsM5uMbrlRvVU+YSBNEeceSeJPqrD1BGQfrnuBoZpXEZFIvSMqXgyQSqA4aM46ckb3SMnHu5OSdGxwOwOhy+W+T2hWpcebKxmpgT085VPOPvjEiA/IFS2CdJa3TedWQOo6Q1N3ltntOEcWO+uoUDGtIJY54kmi+64yM9x8QfgR2I+WumvKP6TgzV3buZms1mvGZUHJmAA9SdCLicm3TOPjrNecouIPNckZHXWa55g95XJgeFyc6URUkjjkFyPjrkhUdPjpdTTFPdzrce3HWb1rMBxPIad42yRgaVisWMhXOtjUw8MMRnTdNIHclTkHtpc3Z4ioBuPqEclmkr5Y6Cj5LNUNwDgZ8te7N+QzjPrgeuiO4UscFBSWameKFamSOlRHBYNGBykTv3MSSAEnvg9dNuybcG8+8zRjm5MEBKjIjB98g9/eYdfQhFOnyVw1+pouKkR00sp+KsWRVP5jmPyOvReH6YJVvPUzzeutD2lV6CKpzHBE00jBVRSzEnAAAyTpBQp7FQTXCvzHJNyqpwcEp0Hu9Oh4qAvTvxz3Out6AnploWiWRayRYXRxlWTOXB+RQMNc7uzTR01vCyYrahYXKgECMAu4bP4WVCv1YfUPhRFMmdbRDNFQR+0oyzyAzTKz8+MjnkyhvUAnA+QGuZBrbkEK5ioDknIOZmXoO+QVRs/A+YPhpZVVUVHTTVdQxWKFGkcgFiFUZPQdT+WuNsglpaNEnIM7kyzEdjIxy2Plk4HyA13AknlNg3eqQH7tPAf1aX+Wl5HrnTfA6pep1ZgGlpouOR1IVpM/pyH66cCw+OuY9pU9ZynkjgjaaVwqIOTMeyj1J+WsE0SyrTmUCR1Z1QnqVBAJH05D9RrycRyRtFIvJHBVhnuDoPut5/ZMNpqq0yLUxVEtuMk5UNIwBIZuPQCRY+Y7feXoD0HScCFRDYwUd4a+v11rIVBUOwBY4XPqe+P0B1yo6yKsp46iJsrIMj/AJ643pkjgpqpgOcFXCUJ9C7CI/8ApkYfnqdYNsqcTtUGZIJGgQNIqkqp/ER6fLPx1vBNFVU8dRC2Y5VDqfiCMjXuehGeukVpX2c1NuIRVppOcKh8t5T+8CR+EBvMUDthBj4Ds6TFuOpHf89JrlRNV0ckcJxMuJITyKgSL1XJHXGQMj1GR668l8yO6U8gmCxPFJE0ePvuSGU5+QWT9flpZy6dtcIzJyYLVcaw+TdIF40dwCvg/wDZyt2+WGyB6e98S3TMEDrp0oIqWspK61Sr5ggqJYZlbsOf7wAH+xIvbt+WmorJb6v2GqZmDDMFQQOMo/okjoHHw6AjqPxBfNeMaDb9tWOO/wDcd01/G1ppUSrTxNK/YDOgm7bsmknanICRdsDRtcaP22naLlx+eo5v9LBbsyJIs8gb4ZGvKXEjgT0vhNdNrYcZabNeqyunUrIwAAAAPprND1NuCSmkQRRKnAnJxknWaSKue83n0rqcIgxDpYmHfXXkUHfrpWIY5D0XXU28HsuvQM5MxGvXPqiAFpCB3z8dbzxGKnZ1mhidiqI8xwiuxCqW+WSM6VpQMrgkay6UdFNRFrlIqUlOwnm59FKp73vf1egJ+mup94Re+/04Qwl2lcYq6hlSlpBS0dG601JGVZX8oRIylgccSQw93GQO/XICuLIv1XIe/slOo/vzZ/5aRWx/2HtsVlyQRS8GqqhA/LjI55FA34sZCg46gDppRTyh7pUOPWlpzj4e9Lr21TEICZ5YpkztUvJJc6KMgGJI5pifUOOCrj5Yd/4a1kaqkvcBjI9mhpZTKCOpkZkEZB+iy/qNbSOoq45T+GKQfxTTPti4vdlkvMuUaeCmj8sHIHuebn/97H+6NX3dzO7T2jtdZTIKWiFS8BqqlF5KoJYJmRkOQRhljZSfgTjBxpd5mdM71MMt/hpw4Z6ekeV1z9zm6hCfrwkA/snSPem4lsFimqUJM8xEMAUZYu3wHqcZIHqca5vllrLNiN0l+affNNURRoaanD21pWfiAZuLHiPxHnHCuPhJnPQgmFTWRUsQlnfipkjiH9p2CqPzLAaCaXZlRTbVEla5WsYedMIySY3JySrMM5ViOJI6BR06aXVt/mm2XWXryC1ZRU0srxpD5n7+EE+7HyywLJlRkEgr1B1zJAhr60JBq5A4/wAwqLnUdeIEiQbgs1tkZeFzuPtAjY5MhSiqUlwCfuhRACMAZb1z0NLZdYrrRR1sQKFhxkjJBMcg6Mhx0yCCOnQ46ZGmu90NBU7m2pVVilpIrhOlP06cmo5yc/Lip/MLqobnEGpFRDntGXal8qrDc4rHcZjJQ1spSknc4MTkDjExPQkn3VPc5UHqCzGG5qhoNuXOpQZempJZkz6MillP6gHQtuOzmkq5qNJpIRKOcM0eA8eezLkEBlPbIPYaX3i7iv2Bcrm8ZhMlqqHlQkExOIm5KceqkEflq2/bxGdZUrkXJ0YQuLDPu6b5XNPeqaXgoWqieB3H3mdffjU/IDzj8s/PTDtffEN3q5bJc1jprpTe6yA4SYYzzTJ9R145JHxODh6uhkC008HHzIKqFhyJxxZgj/8AodsfPGr7xmKPU1Z2sOZteGijnts8meSVq8MerMjp/k505BiOhOgndd4Rtz2a0xy9po5JFHxMi4/gD+ujHnnU3AyNXtAPvElqkjavvKoRlK1Q2Pj7PCf8iNMN6tMFnmqLqKdnoJi0lTGsjLHE5OWkaMHiyk9SxBKnJ7ElVv7Zs9gpKu73GcwJVVzh2WN5CXX92OiAn7sQ9PTXW3bs2xfXakt94pZpWXrTs3GQr8fLbDY/LGgagJapqJwT8ziIwHmYyP4gXXbse3wezU6OyJ05O5c4+rEk/noUq71T3EPFNGI16lcdydK992uXbNe9DGX9gqF82mJHQKD70fQfgJXHyK9ScnQdT1tL5mZpCMYwMeuvnWqptpuauwcie60I060i6kdYqqqFXhM9IGD8sYx/HWa61d5pBUgUzLL2yV6A6zS0bGuYdpMcdGkZ7dRrtxAHQa08/J9NYZc9OmtcZ7zy3qPWYR1wNJSor7rTWtJDiMrV1PFh7qK3uKfUc3HwwVSQa2rKyKipZKuUnhEpYgdyfgM+p7D5nSGgrbjDTSx0FL/rlWzPPV1KusMb44hUjJDsFAUADgrYLcsk50NEED77DwIG3JG0dTGzxI3hCa+l2hSy8pJpFM4Ru/wX6DIJ+B4jucaN6Zgt1qcf+Wp+n+/LqGd5WxNtXKnuFGj1lcAtRJNN7zzyKxOXIxhcjJAwAMkDJOZgCyQ30FEZkqaQ8j6IYnGP180/3dejpuW9Nw6QWoqWtEAnLcl0Nup6ipUZeK21c6g+pTy8D9T/AB00bOuNHb9rPca+qjgghjikeR2CqqrTxAkk/T+Ok3inMtBZxcQ5MkkM9vC56cZgrkn6eSP1Ooa3ReqWqtMNgpl86qnemaWViXEAWCMKqAgqjEhnLKVJ4opyGABevErVQ1gAHvD7w+37NuLc25r7QWmuuDVUdvSGJMRrDDzqQhLSsAF44ZuBb3mbipOdKok8SN67wir7dTbfWm2+w5JUS1DQ+0HPRXWMeYVIBPbGEOByGR3aIrtk7euF+SNmk3BQUS2qCKMciedQIyoBPMlWWQDp0ZBgHOpe2ibRsrasVJJLLVTREvWvRUctSTUN98YiVicEcR6gKAe2rqpziB1TLVny/wBv7jhbhv4sI77R7emgkPGT2WomRlU9yAyEN69Mjv3Hqx8TtrcUlNIFWmuDKjN0AEuMRuT0yWGIyepysYA76J7Jvbb19manoJKgOjmJhPTSQkOO68ZADkfDHTWm8bLHc7e7mMtwVlcKxBMZ74I6jHfI699XbkRbTuUfZYMBv/gYDbZuEllqYYatucdRJ7DUuq4X2iNvKWUDPRXK8exPWPOAp0bnAqKWVkQtHMpQtjoW93I+BwxH5nQpR2aatiulrrKSSR0VauGYoBFUwyqVZVxj3wyMz/1pOnRhrILxVyWmlpKipaWuorpbIJpHxzmRquECUgKo95c54qF5BwO2hhcHiM3FbULr+x/f/wBi/d9u39caL2ylSwUslNyYxt51QWX5OPL9BnHHQHQnfkm29wWC4UNqliqIJQopJHjws6MpEYbOX5qzFTxBMueQ6jU0PfbSlUaKSrUSdjn7ufhntqPrxRU1v3paqcRktWVqU8LKTgREicg+mM04Ge+QB66uVycyundjS1TjGOR/uBviDR1FFJDeYqKttVdSoZhDOVEhiBJIDI5R3XHL3WYgZHQvoz2Vvul3Ta3jrpEWtpUzMoOA6ekg/wCeOx+o0bbmsNNuC0S0U8McrY5IHUEFh2BB6aqddKS87Kv1fbKGd/ZmVo44+Xvx00o48ASOoBDrgkthc5zgCrLH9MRr68N94Q/se423D4m2+pfnxrK1zGD+FUhkdQfoEA1OAmbONV/8HXp6je0ccy8poaOeqjP9HiUjJ/SXH56nG7XCO2WitusgLJR00lQwHchFLH/LVJTWIFs2jsIKboYts+11QTpNVe1Shz2MscrkZ/tOBqE7rd5ZJ3QiABGBCqMjocgj5ggHU87ogp/9DHoZXWf9neympCt1HltG7A/DK9foc6rxuWjtpuRegqpYEY5xIM8fzGvPeLj7VWHtNTwawJUyN7xyq/Eiurtvz2HcEklwijxNR1LnlUUswzjLEEvGQWVuhcKzceR4roQS7tKEqKablFIA6EHuCOmm0PIKiUzH90ucEDvpA9SxHGJVRR2A6fw0k7G8DfzjvNBFrpJ8vgHt2hzY7vQiqUV8xUf0gM4Os1HhqayN+cb4Px1mlG0oJzOFN5zmXR83HXJ1gqevcaQtVRkfe1xMoySH1YnPWKijPWOpq1HcaxaoN+EaahJy7NrrHLg4J1BxOHTiNW5qNKy4GsnihaOmoJlQt1YTSAxpx9McXkB+o0W7guQt12sA89Ilqq96aQscclanlIUfMyLFoa3V57WGoNEyiZGjkQkZGVkVu35aT+NNRLRW2xVsdMKiaC7JLDGw+9LHFLIn58owR8wNeh8LyajmZmpQFwsePFSha4bFurKVElHF7ajH08o82/VQyn1wT0Ook8MPDeTc9wlutzWoktNA379xDyaq7M0Yx+JzjlxBwgA90kYsJA0FfSJOoDw1EQZcj7ysP5HTJfqPc8vhl+xdgVMdBdKbhbEdaUKUAcRF1UECL3cScgCAvVR2Ya9Yz1ij6p6UNacZ7+0gfxSrPF7xS3/BtDYluWCr28lTVGWOdESnbCMkTsvJFnQiNekjjk4P7vqFhg+Mfj3TwGol8Q7uppz5ZjZstlTjBHHr886u3Y7UnhFSW61W6l9uiq6WQVMkk5VzPGynn90lmcyuWye4GNV0HhNu2+buvNCLCKSgqJ3qYZfI58SGfiiufeCkOM474BIyNUutCttHWM+G1JbnzACg6E/zJB+zr4rX3ctXSWDxRt8014ukIqrXdpY6dIquFRny/cVTzUY6Aux94kLjrZQrleJOQR1GgLw68O7JQbJ2/S3OyU8tRSRRVGKiIOYZwD76hh7rDmwyMEZ1IHRR8ho4HGZh6x0a0+V0EbobRTU8scqwqXpw6Qvj3kR8Flz34kqpx291fgNDdx2uY7zTVlOF8qSoUSoScFARIvQEDKsvQnOAWA6nRpzXsGGtZYVkGGA1Y8waXsuf1la/F7eF3m3nTbI8JbHRXW/TR8KlbhaWdKZG6c0lmcRqp93OI2D5Hv5AUwTvqL7RnhRuqka6X2K11JhFVTG2rDFRt1II8qJFjLDqDlM4Pcg6vJJtqxbYFbuKntqy1k04nlcnDNl+ijAwqguzcQMFmdzl3dmrZ42Xi8778TaBrTtuWWCipBReXVxeZD5hZy0hA9MOvX+pnGhWuFGM8zX8OB1DgBcrg5J95v4SfbDuFXDDtrxGsEkNzqJJVpboZfLpZZ3dnSKUFSYkUMq8l8w4A93Rr40WN6qnpd0Q0E0HvnnHJgEKzBXOB0wSI3yeuA3QHK6B9g+AtXuDbm5rBua2qU5wcP6aPwcrNGfiAwPzBIIIJBk3wx2JvceFU20PEqrp7i0LSQ0RbzDIKdQUMUvmKM9nCkZBQrgkY0Wsb0BMuTXotTurPHQiMvgXRA1N5uL033EggimI7ZLtIg/SIn8tSZuKtWitRLQmUVM9PRFcZ6TzJET9Bzz9BoT8GKGWl2a1RMGD1lZK55RshPDjCSVbqMmIkA9cEZ0W3KqENXa6YwmQVVYYzgZC8YZZOR+WUA+pGl2yTCahvMdmERXemWsqK20VUgeivVFJBx4YCyhSHBfPUsjDAx0ETHPXpW3cV0p6qQytTSQTMP3sUigNE4+8hx6g9D8xqx1XRJU1d0oKeVlrhJBc6d5FJjjcp5aAEEdCYWDKCMq5H4tVm8Tljod018kUUsCVbe3eVKys8byM3moxUlSVmWVSASBj1GCcrxOnegYdox4a+LCh7/6jU/sk0TZDmQ/dGcAa0obKa2pWKGMn49M40xvd1TBMmCTgdD1OnGzX+509R5/EQKPulW6n66wSGUTVsJAwI/Vmz0imbzCxhjALccBiO3QHueus15WboqZpIKy6TSJBIzYm4k8n9O2s1QFwOYkbLBxmWAyc5OuisB30gnroKaMyyOePx76abnualWlLUk4Y/L013aTNdmUd4TpIgYhnA/PXcYPUHUVUu8q6Or41jDy8/eHw0T0266Opd4Y66PEagkk/H0GhOWQ4ij3DPEJamKGqqaeN5sS0yVNWsWerosDxk49QDMn5ka6+KcFPVvtaOqgWVBfRIAw6Blo6plP5MAR8wNN9iNJcqq4XcyK89vtEsKAdwlQck/QmmX9NLvGSPjtNbkmPNtlbBVQliQBICVXOOuPfwR6gkeuvV+FrihS3eZNzg6nP7Qh2TUpLZfYg8ha3zPSnkpACjDRgH1AjZBn4gg9QdPtrn9kvk1GRIUrofaVwhKCSPij5bsCytHgevBj6HUYeGe5pK67lzJI1Jd6cPTk4CRSxfeiIzkyHlISe2IgO4yZEuqSiBK6mjZ6ihkFTEBklsAhlAB6lkLqM5ALA46a0x6WiGqq9RURduaGonShqaa2+2yUdUJvKWURsUKOjY5YVj72eLEAkA5yBrRqu4YK0lmqElPuqzvEFUnPViGPQYGcAnr2OlkVdDWQRVNNIkkUyLJHIhyrKRkEH1BB0oiIYZ+Go9QY7okFKridLPLdv2bAL6aRq7ifONKGEWc9OPLr2x39dKS5Pc65RnrjXTRMHEXKAGZk/HXvNvidaJIkjOqOpMZCsAc8TgHB+HQg/mNek4GdQDMm0Ru3Et1ntFTDZVpXrih9n9qdliEg6qW4qxwCASAOumxWqlBNTtmRXQAFkeF1b48SWDEfVV+mn12wdJ3qAvcao1Yc8w9YKfdnPb1VXVVsSputuNFVzO7SQsqBkXkQgYo7qSECgkMQT1wv3Q079uaUljehBw9wcU5wxBERGZSOPvA8AygjqGZdPC1GT0OdRZ4kbjb9rzNFNGq0CijTzIiW811DvwGR5pP7lQoIAKt1PYGXjiG0+n32AdusJtl1Irtp2m5eU8Zr6SOtZH+8hlHmFT8xzxpl3rf4LFuvaPtUkyw1FVNHxi/E7hIU5f1Q0wJ+GM+miuhijpaGnp4lCJHEiKo7AAAAfpqGPtE1lbS3HbklvqPIqEp694ZMA8JA1MVbB6HBGdLAZbmPqu7gSXbixhraGuBcpzNLIo6jEpAU4Hc81QfIO31EP/aH2HPW0Y3naVd2o0YV8Cno0Z4/vwPUqEAb+rk/h6m+xN723xN2l50hWnqnhEVZTxyFWiZlyHU9wCPeVgehBGcqdE1uqXuNvU1QRamMmKoVAQolU4biG68T3UnupB9dDsrBypkVjU4I6ygk88sT9WVuJyC2uc25oxhZa0QoBg4U5z8BqQftHeD77KuTbpsUZSwV0mHjjBxRTH8PyjY9V9Afd6e7mv9dUzSSKfvrGcDkfTWRZogDzND6rzBmHM+762SARxq8VOASJGAPL9e2s1H9RWV1Qoh58Y1GAAems11dIoEA1uTzLXX/xIoqC01FPcZqyKt5/u41Xpj5n4aGtub+tVWWeqlKhyVCA+8x+mlVXSWfetyWS4x1FPE6e8yL1xjp6dDplqfDWhtFwYWeeSrhUBkaQe927HHT46SrWtq/V1lBqtw5PMkSW77PqKenWephikXDHL4Yj1zp22rW2C51c81BNAyfj4EdANQXu3bNysr01xuk0aUkxAJUdFHoM5OTo82RQ7QqIE/ZVeIaiQDJEnvAfMeugvp1C7gcy4sPYyf7EKIbe3RdaRQWELU6vjoY46fmAPiA8sn55+GnLxatT3nYF3pkm8owxpXcviKeRZiv5iMr+ekW1qCmh8KXiopfOhq6OsqY5R18xJTI6N+asuPljRZuO2C9WW42bzjCK+llpvMAyU5oV5Y+Wdel0qeXWq/tFN2X3SrVo3rWbOqI7jSqkkNNUx1UkeQjHBAfD+mY+SnORg+nfVsrfX01yo4a6inSanqI1lilRsq6MMqwPwII1SG8KtTbammmQp7TTPGV+HJSCP46sR9n/AHml3sk22amYtU2vjJAWI9+mkJKgf2WDLj0Xh8dOWDPMd1lYbDiSxZGEU1VaGcFqdhNEC5ZvJkJxnoMYYOoAzhVXr6B8jQqOg0NV8yW6opb6ynjSEx1B5qvGncr5jEsQAq8Ukb1xGQO+CWqg+erIdwxMG47G2mYg641014BjSWSprUrEh9g500nTzklGUPUkupx07AceR69QNF6xUnMV9/TXjjI1xqJJ0gdqWNJJQPcR3KKT8CQDj64OvaVqt1ZqoRKSfdWMk4GPUnGf0H/PUxiTGJzdT+mkskBPTHTS+RR1+euRUY6ntqhGOkYR8RlutbSWS21l4rmdaehgkqJiqliERSzYA6noDqqt335X3VFmp6Y0dTPHI09RMwepRpW5yxpjkqKWx2Y9AMAEAg4+0h4p0T26p2XZKqOeMOIrlLGwIEnMKsIPqVY5bHYqF/pgQHQXGT2yeld8tHJzGWyWR8kE/DryGP6urdpuaCsqpdu8u5baqOsttLVQsGSWFHVge4Kgg6hL7SUpW6bcHr7LXn/1U+pI8LJ/P8OtuJ5wkeC209M79+TxII2P95ToT8cdpVu6DQVNuy9TbaOrlEIGTKheHkB8xgED17dyNLrw0pWQpBMgrYG87ns29tVUD5anlIkpzJhaiBzy4nvx65APXBQHBAwbOWTdNpucFPuuyVHnWy58Yav3gDSzLkBpBywpBxG/Qn/Znoqk6ptcJPYa+KsBwshEMhx3z1Qk/AHI/wB/T7svxAvWydxO9BP5lLWgSVNFKMw1SqOLq2c8ThlIIGQQc5XkpMa8y2oQNyvWXE3FZbbuK1VVlvNGlTRVsRimhfOGU/MdQfUEYIIBBBGvn74s+HlZ4c7trNuVTmWnQCopJsAGanbPFjjsQVZT26qcdMavdsvdVj3Vt6nuVkqXkgX9y0ch/ewOoGYnHcMoI69cghgWBDGJftO7WTdPhnW3wwrHddqs0zPhgrQkL5ygnpxKFJM9cFAufvaVsryMRdXAbMpFUVE1TNHTQRFEBwfnrNJUv8FISskILhvvZ9PhrNKlSIfIk/2Lf1PaKQrX1Ucq1J5qynLIuOxHzOsk8YmtLyvBCB57lEEhwQvp0+OgWloaSkqKeqmoxNRqFVpXY8opO4bA7/5aYKIUFHfK5K14q4FiYaouRxJHQ/rpNNHUzFjM84kl7ovddf0/Z1XOUDjzoUmJ4EcfT4647CpqSgoqm6ftMmto3MkdIM4mVevHkPiemotpqitrr5DbYrjIXZ8IxlLRoPUgn01Jlss9PSiWSlutPUVVKGeMRyAeaR1Cn4ZI9dHelawE94wj4GJf2K1wQbfFioFEUUdGKSEDsihOK4+gxrta69LvaaK6IPcraaKoHT0dQ3/PSCt3DSUW1anc1NNHNTQUElekgOUdFjLg5HcED09NNvhXfVv/AIf2arIcPDAaN+ahSzQMYi2B0AYpyGOmGGNaAB2yAcgytHiTbIrNvG+WqHJSGskcLjHBZcSoo+QSRQPlob2Dvms2lW7V3TEFZgscNR3y0MkWZF6dO6qcnsATqWvtI2p6Tc1tvAlQxXCiaDywmCrwvksW9eSyoMenlnVeKIq1vslLKo4f7Nh8vIkBGnQu9ZoV2eZXtM+hVuuFFe7XBXUzrNS1cQdcjIZWHYj+BGm7a3ihZ47xPsTcMzUVyt8opYZp29yqTAMbF8ACRkZCR2LNgdcqsT/Zl3nU3Gz1W0blITPQZlh5MCSnLDHp2ySr/wDEPw1p9oC0+y3a2biCTNDXwtQVHJgYldMvGOJ68mVpsnsREB6DIkXa2Ig+lW5tp4lnwdeMPlqvHhF4mbkprLHT11X+0o6epkilinkdnClyy8JWy3SN1yGyMgKvAam2wbtsu4owKOoMVSF5SUk4CzJ0BPTOGA5AFlLLnIycaLiZt2ls059Q49+0d8Y16GwOmvGYfHtoNv3ibZ7aWprQhu1SOh8pwsEZw2OcvUd14kIHYEjIA666BnpKIjWHaozCysrKaip5KutqYoIIlLySyOFRFHcknoB8zqvvip9oeGemezbErWjikISW544mQEHKwZ6r/bIB6Hj6PpB4nblv92sF0rau8FahaaUUIjUJDSzMnGN0Trlg3EhmLMCWwVB46rTcrvU1ME9EVVaym4yIoHFJeJBUr1PQ4AI9M4+BM2EzW02gVPVd8f3F+6bgHoeCDCrUU+B8P3yaSVlYaWoiueQqRHhP2/2R/Ef7JAPyHL46bLrWQ19kmqI6hkjaIVCSAYYAYcHB+g7jXtuuXttMfORVmjJjnT0DfL5EEEfIjRPL95oPcCdolt/s63iGq2XLaxKpa31syqmeoSUiUN9C8kmP7JHpo/ro87loHB6Chqxj5+ZT4/yOqx/Zt3nFtreMu2LlUxx097hWKkeQMWknjJaOLl2B4NN3+97mMnOrM3ZDJX2er9qEC09YwkOcCRHhkQIT83aM/VRpS1CG4mexK5zKz+PWwht69yz0yEW67c5ISnTypO7oOvTBIYduhAHY6hqWtl8qkqqhgk1NUqkoXoCx/dkfHiSwYfLGryeIu0od57Zq7K4QVBHm0zsfuTDPE59AeoPyJ1RLedHU2ipqlnjkhYgpKjKQ0c8XvLkemeJU59Qo0xSd4nfM4kk7G8ULl4eXWK5wxy1VBPNFDcaND1kiLcfMTPTmnLkPiAVOMgiffExrVc9n3Wthmhej3BYaugkkRc+bG1NLJFJz9FAMoHTqZR16YNOr5VvBYbjKhw8dHK6n4EISNTRdL3VXD7Jd8ip5mimoQ1BzBxiI1SdF+GIpAg+GNVtrA5g7/S2RKS3QyGqJjHQ9dZr2qeOqlaJJfL4dC/p9NZpXZjpFjawkqbli3HR0lFSvQ1CRTMFkDRkMCfTPqcZ0P3GxXeGjqWtVNVCAMSHlAD8c/LVpr1T0N1NKZ9vShYaiOVzxLcgp6gdNLoqbaUmIVsUpLdOPkA9f10gNZTSPumNNQAcSog23vGhtVH7vGGrqeEage+SR8e+NPm3od27cSVKqjBVJ0mQsOpIByuRg4I7j5aspujacVI+3pJrV5MLXYMqso6KUboR6ds6ebnte0CSmqJLbMgp3LkJRhg/Qjr1+fw0SzX0Y9Q6yyUhTnM02z4lST+B142jXsI6umtZWlYKVSSlkIVox6Axq5AXp7nHGeLkO/gD4lU9tvE+xbvKUiuTe1UE0je6JsKjw9ewICFR6sW750FbgvewIaaotFz504niaJv8AVGjcKylTgjqOhI6fHUTNeEqHkhpa+Kast0vmRSKCokHUBwCMqGUkHAPElgCcAlrR6mrV5ResvtA6GXg8YNnS7z2bPR0acq+icVtEox78qAgp1wPeRnUEkAFgT21SeMGN6BMY8tpOhHUYBX/nqffDD7SlNNbobXvSSRgoMaV3Es6Y6cZlGSSOuWGT26HvqCt87koLj4hXCsoZfNpa+63N4pUHu4NQSpPwBzj6kDWhShGVM4j4bEMfCLcr7X8SqGdeKQ1jIJGLYVgT5UhP0VoyPTIGrIePVvFd4b1dYrcZLZPDWoxPuqAwSQn/AIbyfng6pvBIyXelkIJUxyoflnif/wCOrf7/ALot++zvuO4yjLVuz6yUjPaRqNzj6hjqlq7XBEvYxU5kTeE9e3nXmhDkgSQVZOexdSmB+UI1JYqASjNgsjc0YHDIw7EHuD8x11B32Z9p71sdluVZuykqqeGsFMtAtTnzBGgkyMHqo94YU9RnsBjU0FSueujEAw9dhsXJjrX326XSmFDdLpVVVMmOMMr5Q4BHvdMyd8++W6gEYOm95jxwCAB7oA9BpM3L5614sdTbOrtThBiBnjHWCk2DX1LVCwrDNSSSSO3FURamJmJJ6AYBzqrT+J2z9w3YWimurxVitimnZOCu/bCE985xg4z89W135tG1742tcNp3+KR6K4IEfg5VlIYMjqR6qyqwzkZHUEZGvm1fto3nZ3iHV7Wv1ORUW52VmKkJLHhuMi57qw4kfX46JWAZna/U2UEFRwZYK21lRA0tqukcSCoZzEVbKSE9XAySRnJbie2WAyFyfaWaeFFrYgZKil/1apjBGZUX1/tYIYfJiPXIiii3heKWH2aeoNVAv3BK2JEYdisnU9D194N+miaxb9gnYVNb+5mICVUIOQcfdmQDuOuGHcdM9FBJdkXTVqxEk2nuv7iK42+fMkTJVQOnQllIYYPpnGPj11bna2/LV4ieGh3BUCSaW2rFXVENMOTtPTMs8ZUAdQ7RqQB8Svpqiwv9vo6hpaOsikSRsz0meMqsfxKhwc/FcDPfvnlJvgX4pLszcY41TzW+RglQobOYGY4OMdGjbkAuM4XH4tL3U5GRGTaLJdS6wzyBbpbGRqqJfdBbCTxnqY2Pbr3Vvwn5FgaufaJ2tQVVYu5LarChvyOsn7oqYauM4kDA/dcMOqnBDK+eoOrKbOr4KuxQ08FUlQKIezCRDkOigGJ89iWiaNjjplsfIR94+bMuN62zLcbJ5ryU0q1dVSJgiZUQr5ijv5iqeuPvKuOpVRpSs7GAM4MjmU/rppLjtmtRQPOkpZYCoz0kwVIGf62RqRPFG8Q7V+zLa9vGq8us3RXyVLR495qeKYycx8hwpgf/AKmmHZu2Lbet1vDe632SxxIl2rZ+Z6xxMimNQOpLt5K8VGTzbGToe8af9MPEC81FzjtRprZT04orTQK4ApaVM8FKg8Q57tj5LkhQdHv5G0SYLmQBHcI5J/LppMMAS7Htj56zXCr2DuuilkeSy1o6HtET/lrNB2RZqiTPqXFuXbcyhJakcD6Y0401y2nToJoDECexEZJ/gNR7TW2gp25eVkH4nOlpqYoQEUgAdtfNT4kiH7JJqm1PwiLd911LeauyQW4SOtNW+0SuY2UKBGwHUj4kaJRfo3gCLGpbj+IZ0FPWFu0gP56c7OHudZS2q3vFNX1kqwQRcu7n1biCQqjLMQDhVY46a79bqtUQlY56cQbuoGTGLf2wZvEO31VFarVVVl3poZKiBqWAsI2VeQSR+iRhuwDsM9cZwdVRfbzjaEW9bTcqya4W9IXqSWxHEGmmSUFRgFffoR/xD2OvrBtjbNDtSyU9moSZPLHOad1UPUTH78r8QByY/AAAYAAAAHznvOypLLuPefhWaSuo4aOrqqSkhjXMkkMjqKXkD1ZZKmK14I68XY9te+8H8OGjTDHLHv8A1Mi3UvZ04Ei2272ppJ/Ncx0dY5CzQyPxiqQAACjHoH7AZwTjByAGDnSzpca2eKOBuKVJ5q6lGRHiB5jPxkU4I9RkajK4IAzBl6HuCNc6C6XO1O8lqr5aVpFWNuIVgVGcDDAgYJJ6D1Ot1QMYkXVbcb5NF23nY9r061N5rkgJ6ImcvIf6qjqf8hqd/sw+KL+O1UdmeS1vtG3YaPyg75kqJXM7u7gHiceUoRevEryySRxoPdLa19us089XMakxo5kdi+cswx1PyHbVm/sSUt/s2/jbtvcKiaoo5J5EduBeSJlZcEggYXzFAJAJfqR30O1BtzDrrDc3sJ9Ik29ZktgswoU9jUYCY6g/0s9+Xz76B754Z1cbl7Q4qYj+ByFdf16H/wD3TRRLva3UtPEtXBNTXCZHK0NQvCTKEByCejqpIHNSVORgnI092+sSvo4asKB5qBiAegPqP10luInKrbaR5i9D8GRVT+HO4pZQj0ywqe7ySLgfoSf4aV3Ha9g2lSCsvc5r6tx+5pUPBWb4n1wPU9B6Y66kO9XWns1BJXVHZOiqO7t6AahO/XWqulTNc7jMATkkscJGvwGewGroS8cpe3VHk4WMt3rJaqZpZSiknoqKFVR6BQOgHy185/Ezcn+mvipundCTebSmr9jonB90wxARgr8mCK3+8T66u742bluO0PCu9bvtsFWrSQx0ttqVi4pJPUDjFJEzjjKFBMmV5DC6oFFRigpVpehZerN8WPc6aqHeK+J2KwFa9pqx/hrVWBKsejKwZT6gjsR8CPjr3pnHx1qcFsDR5i5xH637x3DbohClYlQgHECqQuQP7QIY/Uk6dLDuLcVfuainooKearqpVpRTxosQnLlVClzkg5C4JOBj4Z0HxIWfGpg8JNrUtLbazd97V46YU04Q4IPsigLUOp4txaQulJG2MCSoZgQYtSHW1/eWH+zr4oG37l/0WvVRUQR11NTLFDUOSsLyBpYOHUpiRHc5XvlSeg6WE3pvXbGxbBU7n3bdordbKQAyzyBm6k4ChVBZiT2ABJ1X77OvglcfFWzXbfW5vabdTX+rZVqad+BkhiOEEKHKqEfzFViPd4jj2GhL7eewvFmy7StBuG447ztW31DMsop1hqJJiG4NNg4d0jJX3AMgu+OjcM90Bswekf8AqGFeSIqs+6PB3xH8UlqfDirWejpaeapqxPTPCqyvlf3CyAP+IZwoCjoDhgBJkmzNv1iErAvX4a+buxL5c7NXG4Wqtmo62kmWaCeJsOjYxn4EEAgg5BBIIIJGrh7G8fKS8bSa53qWGjutNyjkhBKrOV/7SIN3HXqASVPf0JzvEjqdKwsqG5Tx+ol9JrNw2t1hlu3Ze3rLRvWVlTHDGOg5+p+Gs1Dt78WZd5fubq0DQU7Fo45G45PxH/8Aes1wXvjkGMNqMmTIl8vtfGJKGiWONuqtLJ3+fTSSmqb1c4WlmuIhxIyYRM9j16nS6z1UItsAZ1HFcHrrbbtsrK+llFLSSyhaiUZUdPvH1OvGJXY+9aaxweOM/wDcisWMT7doluKySV8s1QVleP3nIGAfgNTp9nnbVOkdRvI0Sg0k4t9MJAyjk7L5sgJ6NxRlVSOx81Seuo18P9sVk8NVNKFhRaqVMHqwIbqPhqx3h7t+OPwsoLLLUShK+jlmLocOgqWeX3T6FfN6fQa9F4ZobUvNl3TtBas4QAd4eHVNPtgbLTbfiJZfEmILDRbgj/Z1dOwd/Z6lE4pOApB5rHxdAvZqfP1t5Zbl+1bVTV7wtDJLGDLC33opOzofmrAg/TQX42+HcXij4c3fanFDWmP2q3O4X3KuPrH1YHiG6xse/F216Sv0mZyjHWfMLxgsIotxPco6aOCO6qal6eNgRT1IYpUw4H3QsySFR38toj+IajY+6xU9xqw8tDLv3ak22XDyXWhcLTRFmZxWIgjQBc9p4okpyFBxLT02SPN6wDVwcJST066cUyjL2jjtjbSXuoSqeqkpg1UKJjgYZRE0mVz68iBn66tr9lbZw2vvQbjt0VRN5EBg81pQZJZD7/kKvRcPClQc9AGSMn0OqvWaodNjUVeIfMkp7jJKi8uOWjnk4jP1VRr6DeENlp38IbVcLJEktZK37XgJYr5k4f3RyGSoZFEZIB91m6HJBDfYAuBNLTVIU245xJ4lprNua1RNKlNcKCrRJ4m6PG4OGSRT+jBh8iNKLVbaez0SUFM8phjLFPMcuygknHI9TjPc5PxJ0K7XvNVWhLfZGFRTXCE3Sirp2Z41hdlLAgnmzcpOSr7qhW45XiASeDbsKyrVVdfXVdQE4FpKhlQj/wCkhEefnxz89KY3RVm2naYgvu2o9w1cX7UrJTQQAMlLCWi5ydcs8inkR93Cjj+LPIEAa0mzNqW2oFdR7foUqwvH2loQ82Ph5jZbHyzrvWWu4WomtsU8s45NJLQ1ExdJc4z5bOSY2AHujPl9wQOXNW7cG+LFZNmXDfFVU/8Aw6gpJaqTkPLfKA5iKvgrJyHDg2GD+6QD01whhwJZHzxKYfb88RIrvuq2eHtFMklPt+L2qrCselZMo4qwIxlYSpBBPSdh8RqmVU3J2Pz0a+Im7Llu3cdx3Dd6hpay5VMlVOxYkB3YkqueyjOAOwAAHQaB5Wzk47nT9a7QBF7jzOOByGvcDOcddczknIzpysdluN+uMNstsHnVExOAXVERQMs7uxCoigFmZiFUAkkAZ0aLDmOmzNtf6Q3JkqZzTW+kjNVcKvgWFNTKQGbHqxLKirkcndFyM51Pu2tk3vxM3DZvDHb9MbfJcVhrK9FXmlotkak08bFRhmCSNM5wvmTVKhgrg6DdrUdutdFDDb4v2jb4KxBRwLA7HcV2A4xt5ZAJp4efuow5HzOPFTM4jvf9mDwqn8P9kNfNx04fde5ZXrrrUtMJ3ZWdmiTzB390h26nLuxyemB2PsENUm9sSV7BYbZtmyUO3rNTLT0Ntp46WniX8MaKAPqenU+pydC/i5ZLbu/Zd22RVxioqLnQzSQ046l/LAbJH9DlwVvjzx66MqyspqClmraudIYIEaSWRjgIoGST9BpptFNVPHNd7hC8NZcQrtE5BanjA9yHoSMrklsEguzkdCNInnmPNwNonxrTwyu9rvFdJFLGlrjqZqdKljyZo0dlWXiPQ4z6dDntqUtvUtBaYaOBKKmrKamZW8mpQSxzdcnmD0PIk5+vTGiXfwgtu9dwWeloxFDb75V2zj24iNmCn6EKD/vDQo0MtByloE5R92p8gD6oT2Py7fTqS2h3rgy9NCKNwkqbi+zTaN+7fg3V4VXJKYVWXktlc5ZI3z7ypLgsCD0wwYHp7yjWaWeAPibTWO8NZq+pK2+4uEZX6eRP2ViPTP3T6fdOcDWaUYMhwJw1gmStsqy26Gy01T7NGZpEyzkZPf56ftkxRpbario/6dUen9c6m62bZ25FRRJFt+2ooXoFpIwB/DSm07esEMMiw2O3opmkbC0yAZLHJ7aMtCqMCUGs/wCP8yGdh0nmUNd72ONyqQf8Q6mrYUyzbJsfFs+RQxU7f2o14N/FTrShsFiggqEhstBGrVEjMFpkAJJ6k4HfRRtG3W+lskMFLQ08MYmnISOJVUEzOScAepJP56hrx0g79VvUcQQsV0jte7LrtapmAWd/b6VXPvcZQWb8i4lx/YI0VOQH6510vNrtr3Wnqnt1M0w4ASGFSwAY464z0yf1Ons09Pn/AGEff+iNd8vHeLG/gcT5/faN2Cuw7lavFCyUqNR1jS2m9Uis0fmywSeQZgQcqsnBfeUDhIEcEswIgPxc2StwpE8Tdsn2y21+GubxxLH5FSSA0hjXpGrsRyVfdjkYqDwaBpPqZvuxWS57RrqO5Wahq6djVMYp6dJEJ4SHPEgjOSTqLNs7E2RT2+uooNm2OOnqWKTQpboQkqmlqchlC4YHAzn4DR0XjmCa7I6T5k0NRI+zqu3RQjnb6xJcA9fKeQOzn4d5P7p1er7G++qTcXhdFtjzYxXbZmakki55Y08jNJDJj0U5eMfOFvpp8j8LvDNIq5U8O9sKJaRkkAtFOOa9eh9zqOp/XUgeD+zNn2K91TWTalnt5mpgJDS0MUXPDDGeKjOMnv8AHQ7q8rG6dWUZSB+kykmraK81Nm9+J4Zv2naq1ysgBkY+ZE3IclAdmQkDAjnRAysVGpLsl6gvdIamFfKkjYxVEDH34JQAWRv1BB7MpVhkMCVFTabVKH8y2Uj5p5UPKFTlSASO3YkDp8hpTaKOkjuEjJSwqXpoeRCAcsNJjPx7nQUrxxmV1OoBbIHScZTjpqmn28d5Wa3xW7ZVqjWG5VTC5XSWB+BeIe7DFKB/tMsC45dV8pCOh1el6anyv+rx/wBwar54qbE2Red63Ssu+zbHXVEhhDy1NuhldsRIBlmUk9ABoqVcyiXj2nyruMxkZmznJPXTW+eAJ76+mEnhT4XFevhttY9f/uen/wDZrQeE/hYRg+Gm1T/+TU3/ALNMbMRey7J6T5ybc2zddz3D2C1wqfLQzTzSOEhp4gQDLI56IgJAyfUgDJIBky0WWhFvjs9ghr57NU1K0tVVwRlK3cNUCpWlpUKsUiVimBxJBdXkDOYYVvVQ+GnhzDtGoo4dgbbSCouaNLEtqgCSFI24FhxwePJsZ7cjjvo72PsbZVF4gUNRRbPslPLQWtEpHit8KNTqY0yIyFyg99+2Pvt8TqxHEGtuT0kMeDXgHW7Np4N7b7goqfd11C2vb9rQ5iscTKxPl5LcpUjEsh6k4V8sWZ2NnaWkpqClhoaKBIaenjWKKNBhURRhVA+AAA0/y0VG10g5UkJ4wuy5jHQ5UZHzwSPz0s9kpQelNF/cGknUseTHqrgnQQArW/a13jtiB/ZreyVNUwyFeXvFFn1wcSMM5GI85D6dJDjroiobfQJDKyUNOpeeVmIiUcjzIyenU4AH5DXc0dJj/osP9wap5WR1lhqu+J83PtTWSmj8Tr5FRRpEKzhLzU//AGpUSQs3z/eRfXB+GoiLsqoshz5kYljcDAkQ+uPRgchl7hgfTBP0R8Rdk7MuO7a2ruG0bLVTvOhaWagidyfZ0GSSuewA+gGhQeG/h2RHnYW3Dwmk45tcHTIJOPd9T1OpUWBAz3MuurKgYEooyKzrLHI8My9FlTAYD4dehHyPTWavYPDjw85f/Ie3f/0uD/26zT2wQv1Wfwz/2Q==\" width=\"200\" height=\"202\" /></p>', '2021-06-07 09:15:44', '2021-06-10 23:41:55');
INSERT INTO `edu_course_description` VALUES ('1402303001066000386', '', '2021-06-09 00:34:23', '2021-06-09 00:34:23');
INSERT INTO `edu_course_description` VALUES ('1403015280006799361', '<p>编辑课程讲解</p>', '2021-06-10 23:44:44', '2021-06-10 23:44:44');
INSERT INTO `edu_course_description` VALUES ('15', '', '2019-03-13 06:03:33', '2019-03-13 06:04:22');
INSERT INTO `edu_course_description` VALUES ('18', '<p>本套Java视频完全针对零基础学员，课堂实录，自发布以来，好评如潮！Java视频中注重与学生互动，讲授幽默诙谐、细致入微，覆盖Java基础所有核心知识点，同类Java视频中也是代码量大、案例多、实战性强的。同时，本Java视频教程注重技术原理剖析，深入JDK源码，辅以代码实战贯穿始终，用实践驱动理论，并辅以必要的代码练习。</p>\n<p>------------------------------------</p>\n<p>视频特点：</p>\n<p>通过学习本Java视频教程，大家能够真正将Java基础知识学以致用、活学活用，构架Java编程思想，牢牢掌握\"源码级\"的Javase核心技术，并为后续JavaWeb等技术的学习奠定扎实基础。<br /><br />1.通俗易懂，细致入微：每个知识点高屋建瓴，深入浅出，简洁明了的说明问题<br />2.具实战性：全程真正代码实战，涵盖上百个企业应用案例及练习<br />3.深入：源码分析，更有 Java 反射、动态代理的实际应用等<br />4.登录尚硅谷官网，技术讲师免费在线答疑</p>', '2019-03-06 18:06:36', '2021-06-14 17:31:55');

-- ----------------------------
-- Table structure for edu_subject
-- ----------------------------
DROP TABLE IF EXISTS `edu_subject`;
CREATE TABLE `edu_subject`  (
  `id` char(19) CHARACTER SET utf8mb4 COLLATE utf8mb4_general_ci NOT NULL COMMENT '课程类别ID',
  `title` varchar(10) CHARACTER SET utf8mb4 COLLATE utf8mb4_general_ci NOT NULL COMMENT '类别名称',
  `parent_id` char(19) CHARACTER SET utf8mb4 COLLATE utf8mb4_general_ci NOT NULL DEFAULT '0' COMMENT '父ID',
  `sort` int(10) UNSIGNED NOT NULL DEFAULT 0 COMMENT '排序字段',
  `gmt_create` datetime NOT NULL COMMENT '创建时间',
  `gmt_modified` datetime NOT NULL COMMENT '更新时间',
  PRIMARY KEY (`id`) USING BTREE,
  INDEX `idx_parent_id`(`parent_id`) USING BTREE
) ENGINE = InnoDB CHARACTER SET = utf8mb4 COLLATE = utf8mb4_general_ci COMMENT = '课程科目' ROW_FORMAT = Compact;

-- ----------------------------
-- Records of edu_subject
-- ----------------------------
INSERT INTO `edu_subject` VALUES ('1397482261804347393', '后端开发', '0', 0, '2021-05-26 17:18:29', '2021-05-26 17:18:29');
INSERT INTO `edu_subject` VALUES ('1397482262056005634', 'Java', '1397482261804347393', 0, '2021-05-26 17:18:29', '2021-05-26 17:18:29');
INSERT INTO `edu_subject` VALUES ('1397482262118920194', '前端开发', '0', 0, '2021-05-26 17:18:29', '2021-05-26 17:18:29');
INSERT INTO `edu_subject` VALUES ('1397482262118920195', 'JavaScript', '1397482262118920194', 0, '2021-05-26 17:18:29', '2021-05-26 17:18:29');
INSERT INTO `edu_subject` VALUES ('1397482262186029057', 'HTML/CSS', '1397482262118920194', 0, '2021-05-26 17:18:29', '2021-05-26 17:18:29');
INSERT INTO `edu_subject` VALUES ('1397482262186029058', '系统/运维', '0', 0, '2021-05-26 17:18:29', '2021-05-26 17:18:29');
INSERT INTO `edu_subject` VALUES ('1397482262253137921', 'Linux', '1397482262186029058', 0, '2021-05-26 17:18:29', '2021-05-26 17:18:29');
INSERT INTO `edu_subject` VALUES ('1406902339494776834', 'C++', '1397482261804347393', 0, '2021-06-21 17:10:31', '2021-06-21 17:10:31');
INSERT INTO `edu_subject` VALUES ('1406902339536719873', 'Go', '1397482261804347393', 0, '2021-06-21 17:10:31', '2021-06-21 17:10:31');
INSERT INTO `edu_subject` VALUES ('1406902339536719874', 'Vue', '1397482262118920194', 0, '2021-06-21 17:10:31', '2021-06-21 17:10:31');
INSERT INTO `edu_subject` VALUES ('1406902339603828738', 'React', '1397482262118920194', 0, '2021-06-21 17:10:31', '2021-06-21 17:10:31');
INSERT INTO `edu_subject` VALUES ('1406902339603828739', '大数据开发', '0', 0, '2021-06-21 17:10:31', '2021-06-21 17:10:31');
INSERT INTO `edu_subject` VALUES ('1406902339603828740', 'Hoddop', '1406902339603828739', 0, '2021-06-21 17:10:31', '2021-06-21 17:10:31');

-- ----------------------------
-- Table structure for edu_teacher
-- ----------------------------
DROP TABLE IF EXISTS `edu_teacher`;
CREATE TABLE `edu_teacher`  (
  `id` char(19) CHARACTER SET utf8mb4 COLLATE utf8mb4_general_ci NOT NULL COMMENT '讲师ID',
  `name` varchar(20) CHARACTER SET utf8mb4 COLLATE utf8mb4_general_ci NOT NULL COMMENT '讲师姓名',
  `intro` varchar(500) CHARACTER SET utf8mb4 COLLATE utf8mb4_general_ci NOT NULL DEFAULT '' COMMENT '讲师简介',
  `career` varchar(500) CHARACTER SET utf8mb4 COLLATE utf8mb4_general_ci NULL DEFAULT NULL COMMENT '讲师资历,一句话说明讲师',
  `level` int(10) UNSIGNED NOT NULL COMMENT '头衔 1高级讲师 2首席讲师',
  `avatar` varchar(255) CHARACTER SET utf8mb4 COLLATE utf8mb4_general_ci NULL DEFAULT NULL COMMENT '讲师头像',
  `sort` int(10) UNSIGNED NOT NULL DEFAULT 0 COMMENT '排序',
  `is_deleted` tinyint(1) UNSIGNED NOT NULL DEFAULT 0 COMMENT '逻辑删除 1（true）已删除， 0（false）未删除',
  `gmt_create` datetime NOT NULL COMMENT '创建时间',
  `gmt_modified` datetime NOT NULL COMMENT '更新时间',
  PRIMARY KEY (`id`) USING BTREE
) ENGINE = InnoDB CHARACTER SET = utf8mb4 COLLATE = utf8mb4_general_ci COMMENT = '讲师' ROW_FORMAT = Compact;

-- ----------------------------
-- Records of edu_teacher
-- ----------------------------
INSERT INTO `edu_teacher` VALUES ('1', '张三', '近年主持国家自然科学基金（6项）、江苏省重大科技成果转化项目（5项）、江苏省产学研前瞻性联合研究项目（3项）、省工业科技支撑、省高技术、省自然科学基金等省部级及其企业的主要科研项目40多个，多个项目在企业成功转化，产生了较好的经济、社会和环境效益。积极开展产学研科技合作，并与省内16家企业建立了江苏省研究生工作站，其中6家为江苏省优秀研究生工作站', '高级', 1, 'https://guli-file-190513.oss-cn-beijing.aliyuncs.com/avatar/default.jpg', 0, 0, '2019-10-30 14:18:46', '2019-11-12 13:36:36');
INSERT INTO `edu_teacher` VALUES ('1189389726308478977', '晴天', '高级讲师简介', '高级讲师资历', 2, 'https://online-teach-file.oss-cn-beijing.aliyuncs.com/teacher/2019/10/30/de47ee9b-7fec-43c5-8173-13c5f7f689b2.png', 1, 0, '2019-10-30 11:53:03', '2019-10-30 11:53:03');
INSERT INTO `edu_teacher` VALUES ('1189390295668469762', '李刚', '高级讲师简介', '高级讲师', 2, 'https://online-teach-file.oss-cn-beijing.aliyuncs.com/teacher/2019/10/30/b8aa36a2-db50-4eca-a6e3-cc6e608355e0.png', 2, 0, '2019-10-30 11:55:19', '2019-11-12 13:37:52');
INSERT INTO `edu_teacher` VALUES ('1189426437876985857', '王二', '高级讲师简介', '高级讲师', 1, 'https://online-teach-file.oss-cn-beijing.aliyuncs.com/teacher/2019/11/08/e44a2e92-2421-4ea3-bb49-46f2ec96ef88.png', 0, 0, '2019-10-30 14:18:56', '2019-11-12 13:37:35');
INSERT INTO `edu_teacher` VALUES ('1189426464967995393', '王五', '高级讲师简介', '高级讲师', 1, 'https://online-teach-file.oss-cn-beijing.aliyuncs.com/teacher/2019/10/30/65423f14-49a9-4092-baf5-6d0ef9686a85.png', 0, 0, '2019-10-30 14:19:02', '2019-11-12 13:37:18');
INSERT INTO `edu_teacher` VALUES ('1192249914833055746', '李四', '高级讲师简介', '高级讲师', 1, 'https://online-teach-file.oss-cn-beijing.aliyuncs.com/teacher/2019/11/07/91871e25-fd83-4af6-845f-ea8d471d825d.png', 0, 0, '2019-11-07 09:18:25', '2019-11-12 13:37:01');
INSERT INTO `edu_teacher` VALUES ('1192327476087115778', '某某某', '1111', '11', 1, 'https://online-teach-file.oss-cn-beijing.aliyuncs.com/teacher/2019/11/08/5805c6cd-c8ad-4a77-aafd-d2e083bfd8a4.png', 0, 0, '2019-11-07 14:26:37', '2021-06-18 20:30:15');
INSERT INTO `edu_teacher` VALUES ('1195337453429129218', 'test', 'sdfsdf', 'sdfdf', 1, 'https://guli-file-190513.oss-cn-beijing.aliyuncs.com/avatar/default.jpg', 0, 0, '2019-11-15 21:47:12', '2019-11-15 21:47:27');
INSERT INTO `edu_teacher` VALUES ('1396158288114077697', 'xunle', 'xunle', 'xunle', 1, '', 0, 0, '2021-05-23 01:37:29', '2021-05-23 01:37:29');
INSERT INTO `edu_teacher` VALUES ('1396158313305067522', 'test', 'test', 'test', 1, '', 0, 0, '2021-05-23 01:37:35', '2021-05-23 01:37:35');
INSERT INTO `edu_teacher` VALUES ('1396158349787123714', 'testModify', 'string', 'string', 2, 'http://xunle-guli-edu.oss-cn-chengdu.aliyuncs.com/2021-05-25/45c9abe66d6f456687e0c137e411e975file.png?Expires=1621905870&OSSAccessKeyId=LTAI5tNAirpUwT2ZdKwuKQne&Signature=iwZA84sVGJvJVmYlZo5UihmmOOQ%3D', 0, 0, '2021-05-23 01:37:44', '2021-06-09 02:25:14');
INSERT INTO `edu_teacher` VALUES ('1396158382561415169', '岑技洋', '住在星露谷', '514主席', 2, 'http://hakaimg.com/i/2021/06/21/10hlf2d.jpg', 0, 0, '2021-05-23 01:37:52', '2021-06-08 15:09:04');
INSERT INTO `edu_teacher` VALUES ('1399371709315932161', '娄奚文炀', '最爱（干净）', '514蟑螂', 0, 'https://online-teach-file.oss-cn-beijing.aliyuncs.com/teacher/2019/10/30/b8aa36a2-db50-4eca-a6e3-cc6e608355e0.png', 0, 0, '2021-05-31 22:26:29', '2021-05-31 22:26:29');
INSERT INTO `edu_teacher` VALUES ('1402161515930353666', '张圣杰', '喜欢破防', '514保安队长', 2, 'https://online-teach-file.oss-cn-beijing.aliyuncs.com/teacher/2019/10/30/b8aa36a2-db50-4eca-a6e3-cc6e608355e0.png', 1, 0, '2021-06-08 15:12:10', '2021-06-08 15:12:10');
INSERT INTO `edu_teacher` VALUES ('1405867638126608385', '李志恒', '喜欢走路', '514亚萨西', 2, 'http://hakaimg.com/i/2021/06/21/10hhtga.jpg', 1, 0, '2021-06-18 20:38:59', '2021-06-21 17:05:28');
INSERT INTO `edu_teacher` VALUES ('1408228690940153858', '理智', '111123', '1', 1, 'http://xunle-guli-edu.oss-cn-chengdu.aliyuncs.com/2021-06-25/fddb7e58dc114433a98c33cba0cc290efile.png?Expires=1624583452&OSSAccessKeyId=LTAI5tNAirpUwT2ZdKwuKQne&Signature=dh%2BbQlhPF8BQ0uQOx3nPjM37oWI%3D', 1, 1, '2021-06-25 09:00:58', '2021-06-25 09:01:27');

-- ----------------------------
-- Table structure for edu_video
-- ----------------------------
DROP TABLE IF EXISTS `edu_video`;
CREATE TABLE `edu_video`  (
  `id` char(19) CHARACTER SET utf8mb4 COLLATE utf8mb4_general_ci NOT NULL COMMENT '视频ID',
  `course_id` char(19) CHARACTER SET utf8mb4 COLLATE utf8mb4_general_ci NOT NULL COMMENT '课程ID',
  `chapter_id` char(19) CHARACTER SET utf8mb4 COLLATE utf8mb4_general_ci NOT NULL COMMENT '章节ID',
  `title` varchar(50) CHARACTER SET utf8mb4 COLLATE utf8mb4_general_ci NOT NULL COMMENT '节点名称',
  `video_source_id` varchar(100) CHARACTER SET utf8mb4 COLLATE utf8mb4_general_ci NULL DEFAULT NULL COMMENT '云端视频资源',
  `video_original_name` varchar(100) CHARACTER SET utf8mb4 COLLATE utf8mb4_general_ci NULL DEFAULT NULL COMMENT '原始文件名称',
  `sort` int(10) UNSIGNED NOT NULL DEFAULT 0 COMMENT '排序字段',
  `play_count` bigint(20) UNSIGNED NOT NULL DEFAULT 0 COMMENT '播放次数',
  `is_free` tinyint(1) UNSIGNED NOT NULL DEFAULT 0 COMMENT '是否可以试听：0收费 1免费',
  `duration` float NOT NULL DEFAULT 0 COMMENT '视频时长（秒）',
  `status` varchar(20) CHARACTER SET utf8mb4 COLLATE utf8mb4_general_ci NOT NULL DEFAULT 'Empty' COMMENT 'Empty未上传 Transcoding转码中  Normal正常',
  `size` bigint(20) UNSIGNED NOT NULL DEFAULT 0 COMMENT '视频源文件大小（字节）',
  `version` bigint(20) UNSIGNED NOT NULL DEFAULT 1 COMMENT '乐观锁',
  `gmt_create` datetime NOT NULL COMMENT '创建时间',
  `gmt_modified` datetime NOT NULL COMMENT '更新时间',
  PRIMARY KEY (`id`) USING BTREE,
  INDEX `idx_course_id`(`course_id`) USING BTREE,
  INDEX `idx_chapter_id`(`chapter_id`) USING BTREE
) ENGINE = InnoDB CHARACTER SET = utf8mb4 COLLATE = utf8mb4_general_ci COMMENT = '课程视频' ROW_FORMAT = Compact;

-- ----------------------------
-- Records of edu_video
-- ----------------------------
INSERT INTO `edu_video` VALUES ('1182499307429339137', '18', '32', '第一节', '', '', 0, 0, 0, 0, '', 0, 1, '2019-10-11 11:32:59', '2019-10-11 11:57:38');
INSERT INTO `edu_video` VALUES ('1185312444399071234', '14', '1', '12', '', '', 0, 0, 0, 0, 'Empty', 0, 1, '2019-10-19 05:51:23', '2019-10-19 05:51:33');
INSERT INTO `edu_video` VALUES ('1189434737808990210', '18', '44', '测试', '', '', 1, 0, 0, 0, 'Empty', 0, 1, '2019-10-30 14:51:55', '2019-10-30 14:51:55');
INSERT INTO `edu_video` VALUES ('1189471423678939138', '18', '1181729226915577857', 'test', '2b887dc9584d4dc68908780ec57cd3b9', '视频', 1, 0, 0, 0, 'Empty', 0, 1, '2019-10-30 17:17:41', '2019-10-30 17:17:41');
INSERT INTO `edu_video` VALUES ('1189476403626409986', '18', '1181729226915577857', '22', '5155c73dc112475cbbddccf4723f7cef', '视频.mp4', 0, 0, 0, 0, 'Empty', 0, 1, '2019-10-30 17:37:29', '2019-10-30 17:37:29');
INSERT INTO `edu_video` VALUES ('1192252824606289921', '1192252213659774977', '1192252428399751169', '第一课时', '756cf06db9cb4f30be85a9758b19c645', 'eae2b847ef8503b81f5d5593d769dde2.mp4', 0, 0, 0, 0, 'Empty', 0, 1, '2019-11-07 09:29:59', '2019-11-07 09:29:59');
INSERT INTO `edu_video` VALUES ('1192628092797730818', '1192252213659774977', '1192252428399751169', '第二课时', '2a02d726622f4c7089d44cb993c531e1', 'eae2b847ef8503b81f5d5593d769dde2.mp4', 0, 0, 1, 0, 'Empty', 0, 1, '2019-11-08 10:21:10', '2019-11-08 10:21:22');
INSERT INTO `edu_video` VALUES ('1192632495013380097', '1192252213659774977', '1192252428399751169', '第三课时', '4e560c892fdf4fa2b42e0671aa42fa9d', 'eae2b847ef8503b81f5d5593d769dde2.mp4', 0, 0, 1, 0, 'Empty', 0, 1, '2019-11-08 10:38:40', '2019-11-08 10:38:40');
INSERT INTO `edu_video` VALUES ('1194117638832111617', '1192252213659774977', '1192252428399751169', '第四课时', '4e560c892fdf4fa2b42e0671aa42fa9d', 'eae2b847ef8503b81f5d5593d769dde2.mp4', 0, 0, 0, 0, 'Empty', 0, 1, '2019-11-12 13:00:05', '2019-11-12 13:00:05');
INSERT INTO `edu_video` VALUES ('1196263770832023554', '1192252213659774977', '1192252428399751169', '第五课时', '27d21158b0834cb5a8d50710937de330', 'eae2b847ef8503b81f5d5593d769dde2.mp4', 5, 0, 0, 0, 'Empty', 0, 1, '2019-11-18 11:08:03', '2019-11-18 11:08:03');
INSERT INTO `edu_video` VALUES ('17', '18', '15', '第一节：Java简介', '196116a6fee742e1ba9f6c18f65bd8c1', '1', 1, 1000, 1, 100, 'Draft', 0, 1, '2019-01-01 13:08:57', '2019-10-11 11:26:39');
INSERT INTO `edu_video` VALUES ('18', '18', '15', '第二节：表达式和赋值语句', '2d99b08ca0214909899910c9ba042d47', '7 - How Do I Find Time for My ', 2, 999, 1, 100, 'Draft', 0, 1, '2019-01-01 13:09:02', '2019-03-08 03:30:27');
INSERT INTO `edu_video` VALUES ('19', '18', '15', '第三节：String类', '51120d59ddfd424cb5ab08b44fc8b23a', 'eae2b847ef8503b81f5d5593d769dde2.mp4', 3, 888, 0, 100, 'Draft', 0, 1, '2019-01-01 13:09:05', '2019-11-12 12:50:45');
INSERT INTO `edu_video` VALUES ('20', '18', '15', '第四节：程序风格', '2a38988892d84df598752226c50f3fa3', '00-day10总结.avi', 4, 666, 0, 100, 'Draft', 0, 1, '2019-01-01 13:09:05', '2019-10-11 09:20:09');

-- ----------------------------
-- Table structure for ucenter_member
-- ----------------------------
DROP TABLE IF EXISTS `ucenter_member`;
CREATE TABLE `ucenter_member`  (
  `id` char(19) CHARACTER SET utf8mb4 COLLATE utf8mb4_general_ci NOT NULL COMMENT '会员id',
  `openid` varchar(128) CHARACTER SET utf8mb4 COLLATE utf8mb4_general_ci NULL DEFAULT NULL COMMENT '微信openid',
  `email` varchar(50) CHARACTER SET utf8mb4 COLLATE utf8mb4_general_ci NULL DEFAULT '' COMMENT '邮箱',
  `password` varchar(255) CHARACTER SET utf8mb4 COLLATE utf8mb4_general_ci NULL DEFAULT NULL COMMENT '密码',
  `nickname` varchar(50) CHARACTER SET utf8mb4 COLLATE utf8mb4_general_ci NULL DEFAULT NULL COMMENT '昵称',
  `sex` tinyint(2) UNSIGNED NULL DEFAULT NULL COMMENT '性别 1 女，2 男',
  `age` tinyint(3) UNSIGNED NULL DEFAULT NULL COMMENT '年龄',
  `avatar` varchar(255) CHARACTER SET utf8mb4 COLLATE utf8mb4_general_ci NULL DEFAULT NULL COMMENT '用户头像',
  `sign` varchar(100) CHARACTER SET utf8mb4 COLLATE utf8mb4_general_ci NULL DEFAULT NULL COMMENT '用户签名',
  `is_disabled` tinyint(1) NOT NULL DEFAULT 0 COMMENT '是否禁用 1（true）已禁用，  0（false）未禁用',
  `is_deleted` tinyint(1) NOT NULL DEFAULT 0 COMMENT '逻辑删除 1（true）已删除， 0（false）未删除',
  `gmt_create` datetime NOT NULL COMMENT '创建时间',
  `gmt_modified` datetime NOT NULL COMMENT '更新时间',
  PRIMARY KEY (`id`) USING BTREE
) ENGINE = InnoDB CHARACTER SET = utf8mb4 COLLATE = utf8mb4_general_ci COMMENT = '会员表' ROW_FORMAT = Compact;

-- ----------------------------
-- Records of ucenter_member
-- ----------------------------
INSERT INTO `ucenter_member` VALUES ('1', NULL, '13700000001', '96e79218965eb72c92a549dd5a330112', '小三123', 1, 5, 'http://thirdwx.qlogo.cn/mmopen/vi_32/DYAIOgq83eoj0hHXhgJNOTSOFsS4uZs8x1ConecaVOB8eIl115xmJZcT4oCicvia7wMEufibKtTLqiaJeanU2Lpg3w/132', NULL, 0, 0, '2019-01-01 12:11:33', '2019-11-08 11:56:01');
INSERT INTO `ucenter_member` VALUES ('1080736474267144193', NULL, '13700000011', '96e79218965eb72c92a549dd5a330112', '用户XJtDfaYeKk', 1, 19, 'http://thirdwx.qlogo.cn/mmopen/vi_32/DYAIOgq83eoj0hHXhgJNOTSOFsS4uZs8x1ConecaVOB8eIl115xmJZcT4oCicvia7wMEufibKtTLqiaJeanU2Lpg3w/132', NULL, 0, 0, '2019-01-02 12:12:45', '2019-01-02 12:12:56');
INSERT INTO `ucenter_member` VALUES ('1080736474355224577', NULL, '13700000002', '96e79218965eb72c92a549dd5a330112', '用户wUrNkzAPrc', 1, 27, 'http://thirdwx.qlogo.cn/mmopen/vi_32/DYAIOgq83eoj0hHXhgJNOTSOFsS4uZs8x1ConecaVOB8eIl115xmJZcT4oCicvia7wMEufibKtTLqiaJeanU2Lpg3w/132', NULL, 0, 0, '2019-01-02 12:13:56', '2019-01-02 12:14:07');
INSERT INTO `ucenter_member` VALUES ('1086387099449442306', NULL, '13520191388', '96e79218965eb72c92a549dd5a330112', '用户XTMUeHDAoj', 2, 20, 'http://thirdwx.qlogo.cn/mmopen/vi_32/DYAIOgq83eoj0hHXhgJNOTSOFsS4uZs8x1ConecaVOB8eIl115xmJZcT4oCicvia7wMEufibKtTLqiaJeanU2Lpg3w/132', NULL, 0, 0, '2019-01-19 06:17:23', '2019-01-19 06:17:23');
INSERT INTO `ucenter_member` VALUES ('1086387099520745473', NULL, '13520191389', '96e79218965eb72c92a549dd5a330112', '用户vSdKeDlimn', 1, 21, 'http://thirdwx.qlogo.cn/mmopen/vi_32/DYAIOgq83eoj0hHXhgJNOTSOFsS4uZs8x1ConecaVOB8eIl115xmJZcT4oCicvia7wMEufibKtTLqiaJeanU2Lpg3w/132', NULL, 0, 0, '2019-01-19 06:17:23', '2019-01-19 06:17:23');
INSERT INTO `ucenter_member` VALUES ('1086387099608825858', NULL, '13520191381', '96e79218965eb72c92a549dd5a330112', '用户EoyWUVXQoP', 1, 18, 'http://thirdwx.qlogo.cn/mmopen/vi_32/DYAIOgq83eoj0hHXhgJNOTSOFsS4uZs8x1ConecaVOB8eIl115xmJZcT4oCicvia7wMEufibKtTLqiaJeanU2Lpg3w/132', NULL, 0, 0, '2019-01-19 06:17:23', '2019-01-19 06:17:23');
INSERT INTO `ucenter_member` VALUES ('1086387099701100545', NULL, '13520191382', '96e79218965eb72c92a549dd5a330112', '用户LcAYbxLNdN', 2, 24, 'http://thirdwx.qlogo.cn/mmopen/vi_32/DYAIOgq83eoj0hHXhgJNOTSOFsS4uZs8x1ConecaVOB8eIl115xmJZcT4oCicvia7wMEufibKtTLqiaJeanU2Lpg3w/132', NULL, 0, 0, '2019-01-19 06:17:23', '2019-01-19 06:17:23');
INSERT INTO `ucenter_member` VALUES ('1086387099776598018', NULL, '13520191383', '96e79218965eb72c92a549dd5a330112', '用户dZdjcgltnk', 2, 25, 'http://thirdwx.qlogo.cn/mmopen/vi_32/DYAIOgq83eoj0hHXhgJNOTSOFsS4uZs8x1ConecaVOB8eIl115xmJZcT4oCicvia7wMEufibKtTLqiaJeanU2Lpg3w/132', NULL, 0, 0, '2019-01-19 06:17:23', '2019-01-19 06:17:23');
INSERT INTO `ucenter_member` VALUES ('1086387099852095490', NULL, '13520191384', '96e79218965eb72c92a549dd5a330112', '用户wNHGHlxUwX', 2, 23, 'http://thirdwx.qlogo.cn/mmopen/vi_32/DYAIOgq83eoj0hHXhgJNOTSOFsS4uZs8x1ConecaVOB8eIl115xmJZcT4oCicvia7wMEufibKtTLqiaJeanU2Lpg3w/132', NULL, 0, 0, '2019-01-19 06:17:23', '2019-01-19 06:17:23');
INSERT INTO `ucenter_member` VALUES ('1106746895272849410', 'o1R-t5u2TfEVeVjO9CPGdHPNw-to', NULL, NULL, '檀梵\'', NULL, NULL, 'http://thirdwx.qlogo.cn/mmopen/vi_32/zZfLXcetf2Rpsibq6HbPUWKgWSJHtha9y1XBeaqluPUs6BYicW1FJaVqj7U3ozHd3iaodGKJOvY2PvqYTuCKwpyfQ/132', NULL, 0, 0, '2019-03-16 10:39:57', '2019-03-16 10:39:57');
INSERT INTO `ucenter_member` VALUES ('1106822699956654081', NULL, NULL, NULL, NULL, NULL, NULL, 'http://thirdwx.qlogo.cn/mmopen/vi_32/DYAIOgq83eoj0hHXhgJNOTSOFsS4uZs8x1ConecaVOB8eIl115xmJZcT4oCicvia7wMEufibKtTLqiaJeanU2Lpg3w/132', NULL, 0, 0, '2019-03-16 15:41:10', '2019-03-16 15:41:10');
INSERT INTO `ucenter_member` VALUES ('1106823035660357634', 'o1R-t5i4gENwHYRb5lVFy98Z0bdk', NULL, NULL, 'GaoSir', NULL, NULL, 'http://thirdwx.qlogo.cn/mmopen/vi_32/Q0j4TwGTfTJI53RcCuc1no02os6ZrattWGiazlPnicoZQ59zkS7phNdLEWUPDk8fzoxibAnXV1Sbx0trqXEsGhXPw/132', NULL, 0, 0, '2019-03-16 15:42:30', '2019-03-16 15:42:30');
INSERT INTO `ucenter_member` VALUES ('1106823041599492098', NULL, NULL, NULL, NULL, NULL, NULL, 'http://thirdwx.qlogo.cn/mmopen/vi_32/DYAIOgq83eoj0hHXhgJNOTSOFsS4uZs8x1ConecaVOB8eIl115xmJZcT4oCicvia7wMEufibKtTLqiaJeanU2Lpg3w/132', NULL, 0, 0, '2019-03-16 15:42:32', '2019-03-16 15:42:32');
INSERT INTO `ucenter_member` VALUES ('1106823115788341250', 'o1R-t5l_3rnbZbn4jWwFdy6Gk6cg', NULL, NULL, '换个网名哇、', NULL, NULL, 'http://thirdwx.qlogo.cn/mmopen/vi_32/jJHyeM0EN2jhB70LntI3k8fEKe7W6CwykrKMgDJM4VZqCpcxibVibX397p0vmbKURGkLS4jxjGB0GpZfxCicgt07w/132', NULL, 0, 0, '2019-03-16 15:42:49', '2019-03-16 15:42:49');
INSERT INTO `ucenter_member` VALUES ('1106826046730227714', 'o1R-t5gyxumyBqt0CWcnh0S6Ya1g', NULL, NULL, '我是Helen', NULL, NULL, 'http://thirdwx.qlogo.cn/mmopen/vi_32/Q0j4TwGTfTKDRfib8wy7A2ltERKh4VygxdjVC1x5OaOb1t9hot4JNt5agwaVLdJLcD9vJCNcxkvQnlvLYIPfrZw/132', NULL, 0, 0, '2019-03-16 15:54:28', '2019-03-16 15:54:28');
INSERT INTO `ucenter_member` VALUES ('1106828185829490690', 'o1R-t5nNlou5lRwBVgGNJFm4rbc4', NULL, NULL, ' 虎头', NULL, NULL, 'http://thirdwx.qlogo.cn/mmopen/vi_32/Q0j4TwGTfTKxCqRzuYWQmpwiaqQEjNxbC7WicebicXQusU306jgmfoOzUcFg1qaDq5BStiblwBjw5dUOblQ2gUicQOQ/132', NULL, 0, 0, '2019-03-16 16:02:58', '2019-03-16 16:02:58');
INSERT INTO `ucenter_member` VALUES ('1106830599651442689', 'o1R-t5hZHQB1cbX7HZJsiM727_SA', NULL, NULL, '是吴啊', NULL, NULL, 'http://thirdwx.qlogo.cn/mmopen/vi_32/Q0j4TwGTfTJ9CsqApybcs7f3Dyib9IxIh0sBqJb7LicbjU4WticJFF0PVwFvHgtbFdBwfmk3H2t3NyqmEmVx17tRA/132', NULL, 0, 0, '2019-03-16 16:12:34', '2019-03-16 16:12:34');
INSERT INTO `ucenter_member` VALUES ('1106830976199278593', 'o1R-t5meKOoyEJ3-IhWRCBKFcvzU', NULL, NULL, '我才是Helen', NULL, NULL, 'http://thirdwx.qlogo.cn/mmopen/vi_32/DYAIOgq83epMicP9UT6mVjYWdno0OJZkOXiajG0sllJTbGJ9DYiceej2XvbDSGCK8LCF7jv1PuG2uoYlePWic9XO8A/132', NULL, 0, 0, '2019-03-16 16:14:03', '2019-03-16 16:14:03');
INSERT INTO `ucenter_member` VALUES ('1106831936900415490', 'o1R-t5jXYSWakGtnUBnKbfVT5Iok', NULL, NULL, '文若姬', NULL, NULL, 'http://thirdwx.qlogo.cn/mmopen/vi_32/3HEmJwpSzguqqAyzmBwqT6aicIanswZibEOicQInQJI3ZY1qmu59icJC6N7SahKqWYv24GvX5KH2fibwt0mPWcTJ3fg/132', NULL, 0, 0, '2019-03-16 16:17:52', '2019-03-16 16:17:52');
INSERT INTO `ucenter_member` VALUES ('1106832491064442882', 'o1R-t5sud081Qsa2Vb2xSKgGnf_g', NULL, NULL, 'Peanut', NULL, NULL, 'http://thirdwx.qlogo.cn/mmopen/vi_32/DYAIOgq83eoj0hHXhgJNOTSOFsS4uZs8x1ConecaVOB8eIl115xmJZcT4oCicvia7wMEufibKtTLqiaJeanU2Lpg3w/132', NULL, 0, 0, '2019-03-16 16:20:04', '2019-03-16 16:20:04');
INSERT INTO `ucenter_member` VALUES ('1106833021442510849', 'o1R-t5lsGc3I8P5bDpHj7m_AIRvQ', NULL, NULL, '食物链终结者', NULL, NULL, 'http://thirdwx.qlogo.cn/mmopen/vi_32/MQ7qUmCprK9am16M1Ia1Cs3RK0qiarRrl9y8gsssBjIZeS2GwKSrnq7ZYhmrzuzDwBxSMMAofrXeLic9IBlW4M3Q/132', NULL, 0, 0, '2019-03-16 16:22:11', '2019-03-16 16:22:11');
INSERT INTO `ucenter_member` VALUES ('1191600824445046786', NULL, '15210078344', '96e79218965eb72c92a549dd5a330112', 'IT妖姬', 1, 5, 'http://thirdwx.qlogo.cn/mmopen/vi_32/DYAIOgq83eoj0hHXhgJNOTSOFsS4uZs8x1ConecaVOB8eIl115xmJZcT4oCicvia7wMEufibKtTLqiaJeanU2Lpg3w/132', NULL, 0, 0, '2019-11-05 14:19:10', '2019-11-08 18:04:43');
INSERT INTO `ucenter_member` VALUES ('1191616288114163713', NULL, '17866603606', '96e79218965eb72c92a549dd5a330112', 'xiaowu', NULL, NULL, 'http://thirdwx.qlogo.cn/mmopen/vi_32/DYAIOgq83eoj0hHXhgJNOTSOFsS4uZs8x1ConecaVOB8eIl115xmJZcT4oCicvia7wMEufibKtTLqiaJeanU2Lpg3w/132', NULL, 0, 0, '2019-11-05 15:20:37', '2019-11-05 15:20:37');
INSERT INTO `ucenter_member` VALUES ('1195187659054329857', NULL, '15010546384', '96e79218965eb72c92a549dd5a330112', 'qy', NULL, NULL, 'http://thirdwx.qlogo.cn/mmopen/vi_32/DYAIOgq83eoj0hHXhgJNOTSOFsS4uZs8x1ConecaVOB8eIl115xmJZcT4oCicvia7wMEufibKtTLqiaJeanU2Lpg3w/132', NULL, 0, 0, '2019-11-15 11:51:58', '2019-11-15 11:51:58');
INSERT INTO `ucenter_member` VALUES ('1406647102234288129', NULL, '1205533194@qq.com', '81dc9bdb52d04dc20036dbd8313ed055', '圣洁', NULL, NULL, 'http://hakaimg.com/i/2021/06/21/25183q.jpg', NULL, 0, 0, '2021-06-21 00:16:18', '2021-06-21 00:16:18');
INSERT INTO `ucenter_member` VALUES ('1406647575616020481', NULL, '2476530761@qq.com', '81dc9bdb52d04dc20036dbd8313ed055', '小金丹', NULL, NULL, 'http://hakaimg.com/i/2021/06/21/25183q.jpg', NULL, 0, 0, '2021-06-21 00:18:10', '2021-06-21 00:18:10');
INSERT INTO `ucenter_member` VALUES ('1406655023504547841', NULL, '2353273657@qq.com', '81dc9bdb52d04dc20036dbd8313ed055', '肖肖', NULL, NULL, NULL, NULL, 0, 0, '2021-06-21 00:47:46', '2021-06-21 00:47:46');
INSERT INTO `ucenter_member` VALUES ('1414102125872418818', NULL, '1601315809@qq.com', '81dc9bdb52d04dc20036dbd8313ed055', '荀乐', NULL, NULL, NULL, NULL, 0, 0, '2021-07-11 13:59:54', '2021-07-11 13:59:54');

SET FOREIGN_KEY_CHECKS = 1;
